{
  "k_values": [
    1,
    2,
    3,
    4,
    5,
    6,
    7,
    8,
    9,
    10,
    11,
    12,
    13,
    14,
    15,
    16,
    17,
    18,
    19,
    20,
    30,
    40,
    50
  ],
  "gaps_mean": [
    0.5194973463384255,
    0.5339673749854028,
    0.5488412880794686,
    0.5641033202490151,
    0.5797325009138683,
    0.5957021869393069,
    0.6119796861084728,
    0.6285258974186951,
    0.6452952062119137,
    0.6622354184071,
    0.6792879779788579,
    0.6963884107738358,
    0.7134670246610266,
    0.7304499150719828,
    0.7472600506495736,
    0.7638189067209658,
    0.780048085614899,
    0.795871144489931,
    0.8112153389912202,
    0.8260135007016798,
    0.9355380055911833,
    0.9809643409039057,
    0.9948601123650228
  ],
  "gaps_std": [
    6.364088888358125e-06,
    1.201434250609628e-05,
    1.7968411835182342e-05,
    2.42016756504618e-05,
    3.0712092862119646e-05,
    3.7463899623477963e-05,
    4.4421210433169886e-05,
    5.15616488826926e-05,
    5.882681374002212e-05,
    6.619838196375441e-05,
    7.355441666023071e-05,
    8.088387147893176e-05,
    8.805902211130639e-05,
    9.500508351984192e-05,
    0.0001016557862370491,
    0.00010793289907202715,
    0.00011375299673753247,
    0.0001190455840654717,
    0.00012375664127394634,
    0.0001278560254590955,
    0.00013543841977689016,
    0.00011560030251949108,
    0.00010222563514613491
  ],
  "gaps_all": {
    "1": [
      0.5194883461576074,
      0.5195063465192435
    ],
    "2": [
      0.5339503841392876,
      0.5339843658315179
    ],
    "3": [
      0.548815876907757,
      0.5488666992511803
    ],
    "4": [
      0.5640690939110781,
      0.5641375465869521
    ],
    "5": [
      0.5796890674556139,
      0.5797759343721228
    ],
    "6": [
      0.59564920498436,
      0.5957551688942538
    ],
    "7": [
      0.6119168650302211,
      0.6120425071867244
    ],
    "8": [
      0.6284529782355469,
      0.6285988166018434
    ],
    "9": [
      0.6452120125340914,
      0.6453783998897361
    ],
    "10": [
      0.6621417997575196,
      0.6623290370566802
    ],
    "11": [
      0.6791839563252445,
      0.6793919996324712
    ],
    "12": [
      0.6962740237058131,
      0.6965027978418586
    ],
    "13": [
      0.7133424903976675,
      0.7135915589243857
    ],
    "14": [
      0.7303155575943746,
      0.7305842725495909
    ],
    "15": [
      0.7471162876579834,
      0.7474038136411637
    ],
    "16": [
      0.7636662665512718,
      0.7639715468906596
    ],
    "17": [
      0.7798872145841522,
      0.7802089566456458
    ],
    "18": [
      0.795702788610405,
      0.796039500369457
    ],
    "19": [
      0.8110403206706969,
      0.8113903573117436
    ],
    "20": [
      0.8258326849764445,
      0.8261943164269152
    ],
    "30": [
      0.9353464667410685,
      0.9357295444412982
    ],
    "40": [
      0.9808008573882682,
      0.9811278244195432
    ],
    "50": [
      0.9947155434853769,
      0.9950046812446687
    ]
  },
  "fit": {
    "success": true,
    "gap_max": 0.5801045385079832,
    "mu_eta": 2.217730928891027,
    "r2": -0.9352502248160499
  },
  "grape": {
    "included": false,
    "fidelities": [],
    "mean": null,
    "std": null,
    "iterations": null
  },
  "config": {
    "num_qubits": 1,
    "n_controls": 2,
    "n_segments": 100,
    "horizon": 1.0,
    "target_gate": "pauli_x",
    "hidden_dim": 256,
    "n_hidden_layers": 2,
    "inner_lr": 0.01,
    "alpha_range": [
      0.5,
      2.0
    ],
    "A_range": [
      0.001,
      1.0
    ],
    "omega_c_range": [
      1000.0,
      100000.0
    ],
    "noise_frequencies": 