{
  "panel_a": {
    "K_values": [
      0,
      1,
      2,
      3,
      4,
      5,
      6,
      7,
      8,
      9,
      10,
      11,
      12,
      13,
      14,
      15,
      16,
      17,
      18,
      19,
      20,
      21,
      22,
      23,
      24,
      25,
      26,
      27,
      28,
      29,
      30
    ],
    "mean_gaps": [
      0.0,
      0.0010097036759058634,
      0.0018507987260818481,
      0.002538294593493144,
      0.0030893425146738688,
      0.003524358073870341,
      0.003866000970204671,
      0.004135775566101074,
      0.0043515503406524655,
      0.004526885350545248,
      0.00467170774936676,
      0.0047932585080464685,
      0.00489698847134908,
      0.004987208048502604,
      0.005067444841066996,
      0.005140621463457743,
      0.005209228396415711,
      0.005275224645932515,
      0.005340093374252319,
      0.00540473461151123,
      0.0054694404204686485,
      0.005534020066261291,
      0.005597814917564392,
      0.0056599815686543785,
      0.005719688534736633,
      0.005776235461235046,
      0.005829281608263652,
      0.005878753463427226,
      0.005924946069717408,
      0.005968444546063741,
      0.006009983023007711
    ],
    "std_gaps": [
      0.0,
      0.0007934511228139836,
      0.0015727753024838108,
      0.0023235734495535023,
      0.0030356039775467254,
      0.003700384900059391,
      0.004310539257507541,
      0.004861255346579306,
      0.005351281353328445,
      0.005782813055343412,
      0.006160281842723256,
      0.006489259030002779,
      0.0067753436163847545,
      0.007023521602187391,
      0.0072379437097047404,
      0.007421858905458132,
      0.007577885513962823,
      0.00770821164781597,
      0.007814863665979081,
      0.007899849832582212,
      0.007965224483962854,
      0.008013114995695425,
      0.008045783332605316,
      0.00806541280856619,
      0.008074239822777244,
      0.008074320629610492,
      0.00806759834194522,
      0.008055795107060736,
      0.008040465480978816,
      0.008022961195050887,
      0.008004396868185142
    ],
    "c": 0.005747246215680788,
    "beta": 0.1758656327707013,
    "R_squared": 0.9897979104563771
  },
  "panel_b": {
    "sigma_squared": [
      0.010000000000000002,
      0.05556122448979592,
      0.1379591836734694,
      0.25719387755102036,
      0.4132653061224489,
      0.606173469387755,
      0.8359183673469387,
      1.1025,
      1.4059183673469389,
      1.746173469387755,
      2.1232653061224487,
      2.53719387755102,
      2.98795918367347,
      3.475561224489796,
      4.0
    ],
    "G_inf_means": [
      0.0014741440614064534,
      0.001606739560763041,
      0.001964519421259562,
      0.0023129016160964968,
      0.0025592803955078124,
      0.0031535724798838296,
      0.0053557902574539185,
      0.0047447532415390015,
      0.009247122208277385,
      0.009165530403455099,
      0.014881579081217448,
      0.015438376863797506,
      0.011956275502840678,
      0.019041210412979126,
      0.017786548535029093
    ],
    "slope": 0.0046357126099258895,
    "R_squared": 0.923469674896306
  }
}