{
  "panel_a": {
    "K_values": [
      0,
      1,
      2,
      3,
      4,
      5,
      6,
      7,
      8,
      9,
      10,
      11,
      12,
      13,
      14,
      15,
      16,
      17,
      18,
      19,
      20,
      21,
      22,
      23,
      24,
      25,
      26,
      27,
      28,
      29,
      30
    ],
    "mean_gaps": [
      0.035753681659698486,
      0.03922511577606201,
      0.04253793954849243,
      0.045696938037872316,
      0.04870696067810058,
      0.051572824716567996,
      0.054299482107162476,
      0.05689176917076111,
      0.05935463547706604,
      0.06169291615486145,
      0.06391141891479492,
      0.06601494193077087,
      0.0680081605911255,
      0.06989571332931518,
      0.07168215990066529,
      0.07337193250656128,
      0.07496939063072204,
      0.07647873401641846,
      0.07790414690971374,
      0.07924956560134888,
      0.08051890969276428,
      0.08171590924263,
      0.08284420251846314,
      0.08390726685523987,
      0.08490848183631897,
      0.08585107803344727,
      0.08673814654350281,
      0.08757265210151673,
      0.0883574640750885,
      0.08909531116485596,
      0.08978874802589416
    ],
    "std_gaps": [
      0.06950909506549192,
      0.06973450492031623,
      0.07007130861927904,
      0.07050637523685166,
      0.07102675009759704,
      0.0716199125008869,
      0.07227387844924117,
      0.07297749277263164,
      0.07372036105179879,
      0.07449296271369932,
      0.07528674220712811,
      0.07609398274635504,
      0.07690791042180614,
      0.07772247331744332,
      0.07853253117496242,
      0.07933362123146641,
      0.08012191246319336,
      0.08089427800141702,
      0.08164809029616261,
      0.08238121064164879,
      0.08309199534755266,
      0.08377914818238304,
      0.08444176027691419,
      0.08507917213068773,
      0.08569106221434535,
      0.0862772589150465,
      0.08683784986146173,
      0.08737305985759869,
      0.08788321695741738,
      0.08836884109376099,
      0.08883046279970894
    ],
    "G0": 0.035545541378023,
    "A_inf": 0.06752210382711735,
    "beta": 0.054625793989856584,
    "R_squared": 0.9999698647236952,
    "mean_robust_loss": 0.10565634489059449
  },
  "panel_b": {
    "sigma_squared_values": [
      1e-05,
      0.0005357894736842106,
      0.0010615789473684212,
      0.0015873684210526318,
      0.0021131578947368424,
      0.0026389473684210528,
      0.0031647368421052636,
      0.0036905263157894744,
      0.004216315789473684,
      0.004742105263157895,
      0.005267894736842105,
      0.005793684210526316,
      0.006319473684210527,
      0.006845263157894737,
      0.007371052631578948,
      0.007896842105263159,
      0.008422631578947369,
      0.00894842105263158,
      0.00947421052631579,
      0.01
    ],
    "G_inf_means": [
      -0.012226494550704957,
      0.03804809212684632,
      0.060483789443969725,
      0.09374957799911499,
      0.08440957903862,
      0.13912394404411316,
      0.1125212013721466,
      0.12190270185470581,
      0.16392088413238526,
      0.13035899758338929,
      0.1487950837612152,
      0.17489307403564452,
      0.15455411195755006,
      0.18814268112182617,
      0.18201788425445556,
      0.15196105122566222,
      0.20204185366630553,
      0.15924546957015992,
      0.17380759119987488,
      0.2039955234527588
    ],
    "G_inf_stds": [
      0.0032476268634205716,
      0.07694231429235482,
      0.08269134963396703,
      0.10530834093522927,
      0.10809031183920952,
      0.13945306003956331,
      0.13597599998690876,
      0.14576356608161686,
      0.1646181700935274,
      0.13754998199823515,
      0.14217751418484406,
      0.17502157012499708,
      0.159886635597987,
      0.15562050192186727,
      0.1577575099121327,
      0.15228953799471526,
      0.19227284097788805,
      0.14920414859728512,
      0.14566049636341213,
      0.17689937248013662
    ],
    "slope": 15.985165640603109,
    "intercept": 0.05358157583328339,
    "R_squared": 0.7671325954401227
  }
}