{
  "panel_a": {
    "K_values": [
      0,
      1,
      2,
      3,
      4,
      5,
      6,
      7,
      8,
      9,
      10,
      11,
      12,
      13,
      14,
      15,
      16,
      17,
      18,
      19,
      20,
      21,
      22,
      23,
      24,
      25,
      26,
      27,
      28,
      29,
      30
    ],
    "mean_gaps": [
      0.04213129281997681,
      0.04556435123085976,
      0.04884102270007133,
      0.05196598246693611,
      0.054943953454494474,
      0.057779660820961,
      0.060477925837039946,
      0.06304353475570679,
      0.0654813028872013,
      0.06779596731066703,
      0.06999227404594421,
      0.07207492813467979,
      0.07404851987957954,
      0.07591762542724609,
      0.07768672108650207,
      0.07936017885804177,
      0.0809422753751278,
      0.08243718594312668,
      0.08384901285171509,
      0.08518163561820984,
      0.08643894046545028,
      0.08762459978461265,
      0.08874221742153168,
      0.0897952176630497,
      0.09078695550560952,
      0.09172060638666153,
      0.09259924665093422,
      0.09342580437660217,
      0.09420311450958252,
      0.09493388161063195,
      0.0956206351518631
    ],
    "std_gaps": [
      0.07725425393458632,
      0.07734328015221,
      0.07754274685429596,
      0.07784079403980747,
      0.07822564233032578,
      0.0786857830255316,
      0.07921012514492531,
      0.07978821871062437,
      0.08041024038154863,
      0.08106707829359579,
      0.08175046073233203,
      0.08245283552334795,
      0.08316747512247245,
      0.08388834652452103,
      0.08461018911631886,
      0.08532842045652046,
      0.08603904448983922,
      0.08673871032279606,
      0.08742456993429612,
      0.08809424624808543,
      0.08874586226167373,
      0.08937786700298216,
      0.08998911645667669,
      0.09057870478600902,
      0.09114608255128477,
      0.09169087584178898,
      0.09221292792849858,
      0.09271229511448234,
      0.09318911023837649,
      0.09364370814633668,
      0.0940764600242428
    ],
    "G0": 0.0419229069364353,
    "A_inf": 0.06687626346671054,
    "beta": 0.05456266080567566,
    "R_squared": 0.9999691372055655,
    "mean_robust_loss": 0.11129903569817542
  },
  "panel_b": {
    "sigma_squared_values": [
      1e-05,
      0.0005357894736842106,
      0.0010615789473684212,
      0.0015873684210526318,
      0.0021131578947368424,
      0.0026389473684210528,
      0.0031647368421052636,
      0.0036905263157894744,
      0.004216315789473684,
      0.004742105263157895,
      0.005267894736842105,
      0.005793684210526316,
      0.006319473684210527,
      0.006845263157894737,
      0.007371052631578948,
      0.007896842105263159,
      0.008422631578947369,
      0.00894842105263158,
      0.00947421052631579,
      0.01
    ],
    "G_inf_means": [
      -0.01248997524380684,
      0.04206365346908569,
      0.061564429104328154,
      0.08301696628332138,
      0.08797391280531883,
      0.13002110943198203,
      0.11347025185823441,
      0.12845661863684654,
      0.1667462967336178,
      0.1548198252916336,
      0.17900185585021972,
      0.15173179879784585,
      0.1563603699207306,
      0.19000167697668074,
      0.18758803606033325,
      0.1728309728205204,
      0.21915764212608338,
      0.1441492885351181,
      0.1750016413629055,
      0.2195274017751217
    ],
    "G_inf_stds": [
      0.003641634618870859,
      0.07421046458243813,
      0.09187311265379504,
      0.10468388710793484,
      0.10854263175520125,
      0.13101249699937031,
      0.13109257037427896,
      0.14554062350653554,
      0.16970459110509536,
      0.1486641750114397,
      0.17048453363573798,
      0.16436058673610848,
      0.1621170283779113,
      0.16111144853199807,
      0.17238534668278266,
      0.17106577619610489,
      0.19389912436597342,
      0.15288673833234034,
      0.15108407466271123,
      0.17856479446456217
    ],
    "slope": 16.849399261825436,
    "intercept": 0.05321844532436974,
    "R_squared": 0.7641295210061253
  }
}