{
  "panel_a": {
    "K_values": [
      0,
      1,
      2,
      3,
      4,
      5,
      6,
      7,
      8,
      9,
      10,
      11,
      12,
      13,
      14,
      15,
      16,
      17,
      18,
      19,
      20,
      21,
      22,
      23,
      24,
      25,
      26,
      27,
      28,
      29,
      30
    ],
    "mean_gaps": [
      0.0,
      0.0010097036759058634,
      0.0018507987260818481,
      0.002538294593493144,
      0.0030893425146738688,
      0.003524358073870341,
      0.003866000970204671,
      0.004135775566101074,
      0.0043515503406524655,
      0.004526885350545248,
      0.00467170774936676,
      0.0047932585080464685,
      0.00489698847134908,
      0.004987208048502604,
      0.005067444841066996,
      0.005140621463457743,
      0.005209228396415711,
      0.005275224645932515,
      0.005340093374252319,
      0.00540473461151123,
      0.0054694404204686485,
      0.005534020066261291,
      0.005597814917564392,
      0.0056599815686543785,
      0.005719688534736633,
      0.005776235461235046,
      0.005829281608263652,
      0.005878753463427226,
      0.005924946069717408,
      0.005968444546063741,
      0.006009983023007711
    ],
    "std_gaps": [
      0.0,
      0.0007934511228139836,
      0.0015727753024838108,
      0.0023235734495535023,
      0.0030356039775467254,
      0.003700384900059391,
      0.004310539257507541,
      0.004861255346579306,
      0.005351281353328445,
      0.005782813055343412,
      0.006160281842723256,
      0.006489259030002779,
      0.0067753436163847545,
      0.007023521602187391,
      0.0072379437097047404,
      0.007421858905458132,
      0.007577885513962823,
      0.00770821164781597,
      0.007814863665979081,
      0.007899849832582212,
      0.007965224483962854,
      0.008013114995695425,
      0.008045783332605316,
      0.00806541280856619,
      0.008074239822777244,
      0.008074320629610492,
      0.00806759834194522,
      0.008055795107060736,
      0.008040465480978816,
      0.008022961195050887,
      0.008004396868185142
    ],
    "c": 0.005747246215680788,
    "beta": 0.1758656327707013,
    "R_squared": 0.9897979104563771
  },
  "panel_b": {
    "actual_variance": [
      1.874163766964988e-05,
      0.00017141670774158506,
      0.0005037985028738159,
      0.0010138823806065656,
      0.0014226576868122502,
      0.00246018990843991,
      0.0029440433902085325,
      0.004416125891264179,
      0.00547233242963251,
      0.006862642502657478,
      0.006846674023804586,
      0.007928234319426143,
      0.00937115761646266,
      0.009473778090535592,
      0.009746625185167697
    ],
    "var_deph": [
      1.4960504266625446e-05,
      0.00013507473428978227,
      0.0003950971754399866,
      0.0008444429802953191,
      0.00104752368002792,
      0.0018984402550317483,
      0.00228502347717984,
      0.003477670031837088,
      0.004268882828226452,
      0.005611870690156146,
      0.005157300207581224,
      0.006609758135546363,
      0.007171057120626554,
      0.007337524474394557,
      0.007291470704381019
    ],
    "var_relax": [
      3.781133403024436e-06,
      3.63419734518028e-05,
      0.00010870132743382932,
      0.0001694394003112464,
      0.00037513400678433037,
      0.0005617496534081615,
      0.0006590199130286923,
      0.0009384558594270902,
      0.0012034496014060585,
      0.0012507718125013315,
      0.0016893738162233622,
      0.00131847618387978,
      0.0022001004958361057,
      0.0021362536161410334,
      0.0024551544807866785
    ],
    "diversity_scales": [
      0.1,
      0.30714285714285716,
      0.5142857142857142,
      0.7214285714285714,
      0.9285714285714285,
      1.1357142857142857,
      1.342857142857143,
      1.55,
      1.7571428571428571,
      1.9642857142857142,
      2.1714285714285713,
      2.3785714285714286,
      2.585714285714286,
      2.7928571428571427,
      3.0
    ],
    "G_inf_means": [
      0.0014741440614064534,
      0.001780309279759725,
      0.002253010869026184,
      0.003676330049832662,
      0.005876413981119792,
      0.009846070408821106,
      0.011342522501945496,
      0.010706902543703715,
      0.019464160005251568,
      0.019133085012435914,
      0.01625991761684418,
      0.023507243394851683,
      0.02363934616247813,
      0.02306008537610372,
      0.031634125113487246
    ],
    "slope": 2.5737470585841344,
    "intercept": 0.0017973340322412525,
    "R_squared": 0.9403715831097696
  }
}