{
  "panel_a": {
    "K_values": [
      0,
      1,
      2,
      3,
      4,
      5,
      6,
      7,
      8,
      9,
      10,
      11,
      12,
      13,
      14,
      15,
      16,
      17,
      18,
      19,
      20,
      21,
      22,
      23,
      24,
      25,
      26,
      27,
      28,
      29,
      30
    ],
    "mean_gaps": [
      0.0,
      0.001106866200764974,
      0.0020405093828837076,
      0.002814398209253947,
      0.003443104028701782,
      0.003943947950998942,
      0.0043372909228007,
      0.004643770058949789,
      0.004882216453552246,
      0.005068447192509969,
      0.005215301116307577,
      0.005332821607589721,
      0.005428781112035115,
      0.005509259303410848,
      0.005578955014546712,
      0.00564154585202535,
      0.005700008074442545,
      0.005756493409474691,
      0.005812539656956991,
      0.00586896538734436,
      0.005925895770390829,
      0.0059830546379089355,
      0.006039683024088542,
      0.006095045804977417,
      0.006148409843444824,
      0.006199208895365397,
      0.006247226397196452,
      0.006292366981506347,
      0.0063348968823750814,
      0.006375300884246826,
      0.006414204835891724
    ],
    "std_gaps": [
      0.0,
      0.0007654111318519106,
      0.0015206576873749308,
      0.002249562959493749,
      0.002941195573330244,
      0.0035869590477309848,
      0.004179003872592115,
      0.004711537938212944,
      0.00518189690657246,
      0.005590842711141852,
      0.005941638215161019,
      0.006239283556108801,
      0.006489265542926574,
      0.006697049670685714,
      0.006867426249304466,
      0.007004388092764564,
      0.007111373726559587,
      0.00719140280680704,
      0.007247429260148812,
      0.007282431770393595,
      0.007299486498916908,
      0.007301725053627636,
      0.007292338546079533,
      0.007274278113226216,
      0.00725032665373781,
      0.0072229150822379256,
      0.007194149052211889,
      0.00716577621177271,
      0.007139201404938817,
      0.007115486784814534,
      0.007095360213123883
    ],
    "A_inf": 0.006052689024089599,
    "beta": 0.18834230543807004,
    "R_squared": 0.993505199417333
  },
  "panel_b": {
    "sigma_squared": [
      0.010000000000000002,
      0.05556122448979592,
      0.1379591836734694,
      0.25719387755102036,
      0.4132653061224489,
      0.606173469387755,
      0.8359183673469387,
      1.1025,
      1.4059183673469389,
      1.746173469387755,
      2.1232653061224487,
      2.53719387755102,
      2.98795918367347,
      3.475561224489796,
      4.0
    ],
    "G_inf_means": [
      0.0014761428038279215,
      0.0016434629758199056,
      0.002113209168116252,
      0.002379135290781657,
      0.00251045028368632,
      0.003120070695877075,
      0.0060395081837972,
      0.005597802003224691,
      0.009145241975784302,
      0.0069540401299794516,
      0.01653971274693807,
      0.016182629267374675,
      0.014703577756881714,
      0.02392631769180298,
      0.019386887550354004
    ],
    "slope": 0.005404123537869478,
    "R_squared": 0.910757265346427
  }
}