{
  "panel_a": {
    "K_values": [
      0,
      1,
      2,
      3,
      4,
      5,
      6,
      7,
      8,
      9,
      10,
      11,
      12,
      13,
      14,
      15,
      16,
      17,
      18,
      19,
      20,
      21,
      22,
      23,
      24,
      25,
      26,
      27,
      28,
      29,
      30
    ],
    "mean_gaps": [
      0.0,
      0.0010097036759058634,
      0.0018507987260818481,
      0.002538294593493144,
      0.0030893425146738688,
      0.003524358073870341,
      0.003866000970204671,
      0.004135775566101074,
      0.0043515503406524655,
      0.004526885350545248,
      0.00467170774936676,
      0.0047932585080464685,
      0.00489698847134908,
      0.004987208048502604,
      0.005067444841066996,
      0.005140621463457743,
      0.005209228396415711,
      0.005275224645932515,
      0.005340093374252319,
      0.00540473461151123,
      0.0054694404204686485,
      0.005534020066261291,
      0.005597814917564392,
      0.0056599815686543785,
      0.005719688534736633,
      0.005776235461235046,
      0.005829281608263652,
      0.005878753463427226,
      0.005924946069717408,
      0.005968444546063741,
      0.006009983023007711
    ],
    "std_gaps": [
      0.0,
      0.0007934511228139836,
      0.0015727753024838108,
      0.0023235734495535023,
      0.0030356039775467254,
      0.003700384900059391,
      0.004310539257507541,
      0.004861255346579306,
      0.005351281353328445,
      0.005782813055343412,
      0.006160281842723256,
      0.006489259030002779,
      0.0067753436163847545,
      0.007023521602187391,
      0.0072379437097047404,
      0.007421858905458132,
      0.007577885513962823,
      0.00770821164781597,
      0.007814863665979081,
      0.007899849832582212,
      0.007965224483962854,
      0.008013114995695425,
      0.008045783332605316,
      0.00806541280856619,
      0.008074239822777244,
      0.008074320629610492,
      0.00806759834194522,
      0.008055795107060736,
      0.008040465480978816,
      0.008022961195050887,
      0.008004396868185142
    ],
    "c": 0.005747246215680788,
    "beta": 0.1758656327707013,
    "R_squared": 0.9897979104563771
  },
  "panel_b": {
    "actual_variance": [
      4.274281608710556e-06,
      1.5125125576870163e-05,
      3.572953434790987e-05,
      7.200200250254287e-05,
      0.00010142209877168586,
      0.00014189705497020454,
      0.00023004838299582728,
      0.00019561649997439594,
      0.00035466905295624963,
      0.0004122616955491797,
      0.0005037985028738159,
      0.0006036843104151741,
      0.0006217328038720222,
      0.0008188191913202111,
      0.0008366863444730795
    ],
    "var_deph": [
      3.346346165408985e-06,
      1.1817557811559129e-05,
      2.7950888850069934e-05,
      5.6319508196437413e-05,
      7.76008739994539e-05,
      0.0001068428114599553,
      0.000179481009604618,
      0.00013835969141393593,
      0.0002780018124114606,
      0.0003346570444050563,
      0.0003950971754399866,
      0.0004682897029596927,
      0.000492922434017219,
      0.0006265002259428662,
      0.0006622210161497016
    ],
    "var_relax": [
      9.279354433015711e-07,
      3.3075677653110336e-06,
      7.778645497839932e-06,
      1.568249430610546e-05,
      2.3821224772231963e-05,
      3.5054243510249224e-05,
      5.056737339120928e-05,
      5.725680856046002e-05,
      7.666724054478906e-05,
      7.760465114412335e-05,
      0.00010870132743382932,
      0.00013539460745548137,
      0.00012881036985480315,
      0.00019231896537734498,
      0.00017446532832337782
    ],
    "diversity_scales": [
      0.05,
      0.09642857142857142,
      0.14285714285714285,
      0.18928571428571428,
      0.2357142857142857,
      0.28214285714285714,
      0.3285714285714285,
      0.37499999999999994,
      0.4214285714285714,
      0.4678571428571428,
      0.5142857142857142,
      0.5607142857142857,
      0.6071428571428571,
      0.6535714285714286,
      0.7
    ],
    "G_inf_means": [
      0.0014251689116160074,
      0.0014149417479832967,
      0.0015386501948038737,
      0.0016446471214294433,
      0.001606739560763041,
      0.001636825998624166,
      0.0019381304581960043,
      0.002094880739847819,
      0.0021673500537872314,
      0.002021538217862447,
      0.002253010869026184,
      0.002597166101137797,
      0.0022322307030359905,
      0.002701885501543681,
      0.0032308558622996014
    ],
    "slope": 1.7119329993683063,
    "intercept": 0.0014689184428748852,
    "R_squared": 0.8991335568248945
  }
}