{
  "panel_a": {
    "K_values": [
      0,
      1,
      2,
      3,
      4,
      5,
      6,
      7,
      8,
      9,
      10,
      11,
      12,
      13,
      14,
      15,
      16,
      17,
      18,
      19,
      20,
      21,
      22,
      23,
      24,
      25,
      26,
      27,
      28,
      29,
      30
    ],
    "mean_gaps": [
      0.0,
      0.0010097036759058634,
      0.0018507987260818481,
      0.002538294593493144,
      0.0030893425146738688,
      0.003524358073870341,
      0.003866000970204671,
      0.004135775566101074,
      0.0043515503406524655,
      0.004526885350545248,
      0.00467170774936676,
      0.0047932585080464685,
      0.00489698847134908,
      0.004987208048502604,
      0.005067444841066996,
      0.005140621463457743,
      0.005209228396415711,
      0.005275224645932515,
      0.005340093374252319,
      0.00540473461151123,
      0.0054694404204686485,
      0.005534020066261291,
      0.005597814917564392,
      0.0056599815686543785,
      0.005719688534736633,
      0.005776235461235046,
      0.005829281608263652,
      0.005878753463427226,
      0.005924946069717408,
      0.005968444546063741,
      0.006009983023007711
    ],
    "std_gaps": [
      0.0,
      0.0007934511228139836,
      0.0015727753024838108,
      0.0023235734495535023,
      0.0030356039775467254,
      0.003700384900059391,
      0.004310539257507541,
      0.004861255346579306,
      0.005351281353328445,
      0.005782813055343412,
      0.006160281842723256,
      0.006489259030002779,
      0.0067753436163847545,
      0.007023521602187391,
      0.0072379437097047404,
      0.007421858905458132,
      0.007577885513962823,
      0.00770821164781597,
      0.007814863665979081,
      0.007899849832582212,
      0.007965224483962854,
      0.008013114995695425,
      0.008045783332605316,
      0.00806541280856619,
      0.008074239822777244,
      0.008074320629610492,
      0.00806759834194522,
      0.008055795107060736,
      0.008040465480978816,
      0.008022961195050887,
      0.008004396868185142
    ],
    "c": 0.005747246215680788,
    "beta": 0.1758656327707013,
    "R_squared": 0.9897979104563771
  },
  "panel_b": {
    "actual_variance": [
      1.874163766964988e-05,
      0.00010142209877168586,
      0.0002407078923624835,
      0.0005111207306652351,
      0.0007391166849022531,
      0.0009486285114714305,
      0.001408442645555528,
      0.0018680764732087202,
      0.0028431827465305115,
      0.0034892149944579206,
      0.0029008103236558523,
      0.004609153825061697,
      0.004705542225631991,
      0.004142590767529807,
      0.005521001696864443
    ],
    "var_deph": [
      1.4960504266625446e-05,
      7.76008739994539e-05,
      0.00018399407303381306,
      0.0003927504440131089,
      0.000570281436637871,
      0.0006553409333999282,
      0.0010540411036055117,
      0.0014598378731484664,
      0.0023367634776306876,
      0.002798165166510204,
      0.0021785090472194522,
      0.003623905227198789,
      0.003685359807519852,
      0.0028519031439705623,
      0.004093132248066684
    ],
    "var_relax": [
      3.781133403024436e-06,
      2.3821224772231963e-05,
      5.671381932867044e-05,
      0.00011837028665212625,
      0.00016883524826438216,
      0.0002932875780715022,
      0.00035440154195001634,
      0.0004082386000602538,
      0.000506419268899824,
      0.0006910498279477165,
      0.0007223012764364002,
      0.0009852485978629083,
      0.0010201824181121388,
      0.0012906876235592442,
      0.0014278694487977592
    ],
    "diversity_scales": [
      0.1,
      0.2357142857142857,
      0.37142857142857144,
      0.5071428571428571,
      0.6428571428571428,
      0.7785714285714285,
      0.9142857142857143,
      1.05,
      1.1857142857142857,
      1.3214285714285714,
      1.457142857142857,
      1.5928571428571427,
      1.7285714285714286,
      1.8642857142857143,
      2.0
    ],
    "G_inf_means": [
      0.0014741440614064534,
      0.001606739560763041,
      0.001964519421259562,
      0.0023129016160964968,
      0.0025592803955078124,
      0.0031535724798838296,
      0.0053557902574539185,
      0.0047447532415390015,
      0.009247122208277385,
      0.009165530403455099,
      0.014881579081217448,
      0.015438376863797506,
      0.011956275502840678,
      0.019041210412979126,
      0.017786548535029093
    ],
    "slope": 3.123328559127023,
    "intercept": 0.0009564015952079159,
    "R_squared": 0.8624240085598748
  }
}