{
  "panel_a": {
    "K_values": [
      0,
      1,
      2,
      3,
      4,
      5,
      6,
      7,
      8,
      9,
      10,
      11,
      12,
      13,
      14,
      15,
      16,
      17,
      18,
      19,
      20,
      21,
      22,
      23,
      24,
      25,
      26,
      27,
      28,
      29,
      30
    ],
    "mean_gaps": [
      0.0,
      0.003510823845863342,
      0.0018286913633346557,
      0.0031744658946990965,
      0.0049098670482635495,
      0.00528942346572876,
      0.005092796683311462,
      0.005518397688865662,
      0.006532040238380432,
      0.007427123188972473,
      0.007838121056556702,
      0.008047226071357726,
      0.008483287692070008,
      0.009201744198799133,
      0.009934946894645691,
      0.010459932684898376,
      0.010831764340400696,
      0.011265605688095093,
      0.01186434030532837,
      0.012528908252716065,
      0.013103288412094117,
      0.013559022545814514,
      0.014011400938034057,
      0.014563229680061341,
      0.015187537670135498,
      0.015779876708984376,
      0.016291612386703493,
      0.016780510544776917,
      0.017326542735099794,
      0.017931866645812988,
      0.01852835714817047
    ],
    "std_gaps": [
      0.0,
      1.72147385201517e-05,
      7.28257279085556e-05,
      8.165360375093604e-05,
      0.0001095978967758392,
      0.00018538180485874013,
      0.00025456750891937027,
      0.0002859185159253677,
      0.00031275703943863914,
      0.0003684104464709495,
      0.00044386264083862934,
      0.0005051522604664494,
      0.0005417678066086091,
      0.0005748604094552049,
      0.0006259767829659151,
      0.0006930561304931924,
      0.0007556690840238347,
      0.0008013353341815807,
      0.0008391922076538096,
      0.0008864295229088247,
      0.0009477437711324991,
      0.0010108567096356975,
      0.0010627787175215946,
      0.001105787509057486,
      0.0011526088937842697,
      0.001209979195948925,
      0.0012712771016383088,
      0.001325721181710721,
      0.0013720050247592052,
      0.001418488997317928,
      0.0014715701802325096
    ],
    "A_inf": 0.06478033633801163,
    "beta": 0.010000000000000373,
    "R_squared": 0.9908373348615658
  },
  "panel_b": {
    "sigma_squared": [
      0.010000000000000002,
      0.05556122448979592,
      0.1379591836734694,
      0.25719387755102036,
      0.4132653061224489,
      0.606173469387755,
      0.8359183673469387,
      1.1025,
      1.4059183673469389,
      1.746173469387755,
      2.1232653061224487,
      2.53719387755102,
      2.98795918367347,
      3.475561224489796,
      4.0
    ],
    "G_inf_means": [
      0.012917903065681458,
      0.012919741868972778,
      0.01294826865196228,
      0.012833806872367858,
      0.012882968783378601,
      0.012775355577468872,
      0.012731611728668213,
      0.012806195020675658,
      0.013304975628852845,
      0.013460257649421692,
      0.01294848918914795,
      0.013214582204818725,
      0.013311627507209777,
      0.012762820720672608,
      0.013496440649032593
    ],
    "slope": 0.00010880062797376811,
    "R_squared": 0.29646702996809304
  }
}