{
  "easy": {
    "K_values": [
      0,
      1,
      2,
      3,
      4,
      5,
      6,
      7,
      8,
      9,
      10,
      11,
      12,
      13,
      14,
      15,
      16,
      17,
      18,
      19,
      20,
      21,
      22,
      23,
      24,
      25,
      26,
      27,
      28,
      29,
      30
    ],
    "mean_fidelities": [
      0.7544453859329223,
      0.7694563508033753,
      0.7840914368629456,
      0.7983339667320252,
      0.8121678948402404,
      0.8255778551101685,
      0.8385492324829101,
      0.8510678768157959,
      0.8631208300590515,
      0.8746955275535584,
      0.8857801556587219,
      0.89628005027771,
      0.9061920404434204,
      0.915385115146637,
      0.9237549781799317,
      0.9313661456108093,
      0.9382516741752625,
      0.9444071531295777,
      0.9499034881591797,
      0.9548065662384033,
      0.959176528453827,
      0.9630686044692993,
      0.9665328979492187,
      0.9696146965026855,
      0.9723551750183106,
      0.974791157245636,
      0.9769557595252991,
      0.9788789033889771,
      0.9805870175361633,
      0.9821040391921997,
      0.983450984954834
    ],
    "std_fidelities": [
      0.027034974311907378,
      0.02639103392482247,
      0.02571531454290469,
      0.025009159519893052,
      0.024273787823337622,
      0.02351047813803685,
      0.022720581273703473,
      0.021905432395943954,
      0.021066443168054158,
      0.02020487186264246,
      0.019322297228100926,
      0.01830696669447355,
      0.017173946097036877,
      0.015918552818737167,
      0.014560136810963466,
      0.013125517265172974,
      0.011691420326379667,
      0.010394106386162196,
      0.0092239473992564,
      0.008171161394489174,
      0.007226108731767533,
      0.006379363940770211,
      0.005621911429671177,
      0.004945367228394374,
      0.004341683935476439,
      0.0038036909373892775,
      0.003324656215221269,
      0.0028984075942656857,
      0.002519376266237339,
      0.002182500829906862,
      0.001883253080297877
    ],
    "final_fidelity": 0.983450984954834,
    "gamma_deph": 0.02,
    "gamma_relax": 0.01
  },
  "medium": {
    "K_values": [
      0,
      1,
      2,
      3,
      4,
      5,
      6,
      7,
      8,
      9,
      10,
      11,
      12,
      13,
      14,
      15,
      16,
      17,
      18,
      19,
      20,
      21,
      22,
      23,
      24,
      25,
      26,
      27,
      28,
      29,
      30
    ],
    "mean_fidelities": [
      0.9820696473121643,
      0.9824811100959778,
      0.9828458428382874,
      0.9831692457199097,
      0.9834559559822083,
      0.9837102055549621,
      0.9839357376098633,
      0.9841356158256531,
      0.984312903881073,
      0.9844702124595642,
      0.9846096873283386,
      0.9847333669662476,
      0.9848431706428528,
      0.984940505027771,
      0.9850268483161926,
      0.9851035833358764,
      0.9851714968681335,
      0.9852318882942199,
      0.9852854609489441,
      0.985332989692688,
      0.9853752613067627,
      0.9854126930236816,
      0.9854459762573242,
      0.9854755401611328,
      0.9855017781257629,
      0.9855250954627991,
      0.985545814037323,
      0.9855641961097718,
      0.9855805397033691,
      0.9855950593948364,
      0.9856079578399658
    ],
    "std_fidelities": [
      0.004560095232966354,
      0.003962961011331757,
      0.003437246825787046,
      0.002975347993692866,
      0.002570667259210319,
      0.002217546028306159,
      0.0019113082690842642,
      0.00164798911655729,
      0.0014243742059977685,
      0.0012381371656527164,
      0.0010871834886837014,
      0.0009696660179137325,
      0.0008835521313690711,
      0.0008258745973864161,
      0.0007925989753774155,
      0.0007790973754330402,
      0.0007803773057047952,
      0.0007919169831937775,
      0.0008099067007605433,
      0.0008317158888914928,
      0.0008552262837140187,
      0.0008791356586525421,
      0.0009025898172860025,
      0.0009249893491948652,
      0.0009460000276067754,
      0.0009655047528814252,
      0.0009834912031713638,
      0.0009999667309996455,
      0.0010148904808316666,
      0.0010284292910144347,
      0.0010406147374229658
    ],
    "final_fidelity": 0.9856079578399658,
    "gamma_deph": 0.05,
    "gamma_relax": 0.025
  },
  "hard": {
    "K_values": [
      0,
      1,
      2,
      3,
      4,
      5,
      6,
      7,
      8,
      9,
      10,
      11,
      12,
      13,
      14,
      15,
      16,
      17,
      18,
      19,
      20,
      21,
      22,
      23,
      24,
      25,
      26,
      27,
      28,
      29,
      30
    ],
    "mean_fidelities": [
      0.7904194235801697,
      0.8017688751220703,
      0.8127918601036072,
      0.823477590084076,
      0.83382169008255,
      0.8438199996948242,
      0.8534688591957093,
      0.8627115845680237,
      0.8714544773101807,
      0.8796762347221374,
      0.88739413022995,
      0.8945993900299072,
      0.9012825727462769,
      0.9074687957763672,
      0.9131839156150818,
      0.9184536337852478,
      0.9233039855957031,
      0.9277604937553405,
      0.9318482875823975,
      0.9355918884277343,
      0.9390150427818298,
      0.9421405553817749,
      0.944990336894989,
      0.9475851774215698,
      0.9499450325965881,
      0.9520883560180664,
      0.9540328502655029,
      0.9557950258255005,
      0.9573903322219849,
      0.9588329911231994,
      0.9601364970207215
    ],
    "std_fidelities": [
      0.04034904759641162,
      0.03955990017091484,
      0.03862042182226479,
      0.037534107484645404,
      0.036315772569999016,
      0.03498104090245698,
      0.03354606025970538,
      0.03202244029428238,
      0.03042854137527025,
      0.028785298690232084,
      0.027103027705479253,
      0.02543384799021285,
      0.023833106650680877,
      0.022303765313937778,
      0.020848211010341698,
      0.019467492535021228,
      0.018162078116549265,
      0.01693166892873397,
      0.01577544274790746,
      0.014691824168164098,
      0.013678975646588556,
      0.01273467550657015,
      0.011856314559445998,
      0.01104112824731863,
      0.010286238658933331,
      0.009588618011566432,
      0.008945096228045981,
      0.008352693478957582,
      0.007808249644050779,
      0.007308651048652104,
      0.0068510011656587756
    ],
    "final_fidelity": 0.9601364970207215,
    "gamma_deph": 0.1,
    "gamma_relax": 0.05
  },
  "very_hard": {
    "K_values": [
      0,
      1,
      2,
      3,
      4,
      5,
      6,
      7,
      8,
      9,
      10,
      11,
      12,
      13,
      14,
      15,
      16,
      17,
      18,
      19,
      20,
      21,
      22,
      23,
      24,
      25,
      26,
      27,
      28,
      29,
      30
    ],
    "mean_fidelities": [
      0.5933740854263305,
      0.6060833692550659,
      0.6187120199203491,
      0.6312494993209838,
      0.6436855673789978,
      0.6560100555419922,
      0.6682125329971313,
      0.6802829384803772,
      0.6922112822532653,
      0.703987431526184,
      0.7156015276908875,
      0.7270437598228454,
      0.7383044719696045,
      0.7493739128112793,
      0.7602426171302795,
      0.7709011435508728,
      0.7813219666481018,
      0.7914635419845581,
      0.8013211727142334,
      0.8108587622642517,
      0.8199775457382202,
      0.8286555647850037,
      0.8368777394294739,
      0.844655704498291,
      0.8520025253295899,
      0.8589322686195373,
      0.8654595136642456,
      0.8715996623039246,
      0.8773684859275818,
      0.8827819585800171,
      0.8878560900688172
    ],