{
  "easy": {
    "K_values": [
      0,
      1,
      2,
      3,
      4,
      5,
      6,
      7,
      8,
      9,
      10,
      11,
      12,
      13,
      14,
      15,
      16,
      17,
      18,
      19,
      20,
      21,
      22,
      23,
      24,
      25,
      26,
      27,
      28,
      29,
      30,
      31,
      32,
      33,
      34,
      35,
      36,
      37,
      38,
      39,
      40
    ],
    "mean_fidelities": [
      0.7384617328643799,
      0.7495046854019165,
      0.7603025436401367,
      0.7708430290222168,
      0.7811154127120972,
      0.7911100387573242,
      0.8008191585540771,
      0.8102357387542725,
      0.8193544745445251,
      0.82817143201828,
      0.8366839289665222,
      0.8448904156684875,
      0.852790892124176,
      0.8603861331939697,
      0.8676782846450806,
      0.8746700286865234,
      0.8813655972480774,
      0.8877695798873901,
      0.8938874006271362,
      0.8997253775596619,
      0.9052899479866028,
      0.9105884432792664,
      0.9156282544136047,
      0.9204176664352417,
      0.9249645471572876,
      0.929277241230011,
      0.9333645105361938,
      0.9372346997261047,
      0.9408966302871704,
      0.944358766078949,
      0.9476298093795776,
      0.9507178068161011,
      0.9536313414573669,
      0.956378698348999,
      0.9589673280715942,
      0.9614053964614868,
      0.9637002944946289,
      0.9658592939376831,
      0.9678895473480225,
      0.9697976112365723,
      0.9715904593467712
    ],
    "std_fidelities": [
      0.0,
      0.0,
      0.0,
      0.0,
      0.0,
      0.0,
      0.0,
      0.0,
      0.0,
      0.0,
      0.0,
      0.0,
      0.0,
      0.0,
      0.0,
      0.0,
      0.0,
      0.0,
      0.0,
      0.0,
      0.0,
      0.0,
      0.0,
      0.0,
      0.0,
      0.0,
      0.0,
      0.0,
      0.0,
      0.0,
      0.0,
      0.0,
      0.0,
      0.0,
      0.0,
      0.0,
      0.0,
      0.0,
      0.0,
      0.0,
      0.0
    ],
    "final_fidelity": 0.9715904593467712
  },
  "medium": {
    "K_values": [
      0,
      1,
      2,
      3,
      4,
      5,
      6,
      7,
      8,
      9,
      10,
      11,
      12,
      13,
      14,
      15,
      16,
      17,
      18,
      19,
      20,
      21,
      22,
      23,
      24,
      25,
      26,
      27,
      28,
      29,
      30,
      31,
      32,
      33,
      34,
      35,
      36,
      37,
      38,
      39,
      40
    ],
    "mean_fidelities": [
      0.9562757611274719,
      0.9585689306259155,
      0.960730791091919,
      0.9627683162689209,
      0.9646874666213989,
      0.9664948582649231,
      0.9681961536407471,
      0.9697970151901245,
      0.9713031053543091,
      0.9727191925048828,
      0.9740507006645203,
      0.9753021001815796,
      0.9764779210090637,
      0.9775825142860413,
      0.9786199331283569,
      0.9795941114425659,
      0.9805086255073547,
      0.9813668131828308,
      0.9821723103523254,
      0.9829280376434326,
      0.9836369752883911,
      0.9843019247055054,
      0.9849256277084351,
      0.9855104088783264,
      0.9860585927963257,
      0.9865725636482239,
      0.9870542287826538,
      0.9875057339668274,
      0.9879289865493774,
      0.9883254766464233,
      0.9886969327926636,
      0.9890450239181519,
      0.9893712997436523,
      0.9896767139434814,
      0.9899628758430481,
      0.9902310371398926,
      0.9904820919036865,
      0.9907172322273254,
      0.9909375309944153,
      0.9911438226699829,
      0.9913370609283447
    ],
    "std_fidelities": [
      0.0,
      0.0,
      0.0,
      0.0,
      0.0,
      0.0,
      0.0,
      0.0,
      0.0,
      0.0,
      0.0,
      0.0,
      0.0,
      0.0,
      0.0,
      0.0,
      0.0,
      0.0,
      0.0,
      0.0,
      0.0,
      0.0,
      0.0,
      0.0,
      0.0,
      0.0,
      0.0,
      0.0,
      0.0,
      0.0,
      0.0,
      0.0,
      0.0,
      0.0,
      0.0,
      0.0,
      0.0,
      0.0,
      0.0,
      0.0,
      0.0
    ],
    "final_fidelity": 0.9913370609283447
  },
  "hard": {
    "K_values": [
      0,
      1,
      2,
      3,
      4,
      5,
      6,
      7,
      8,
      9,
      10,
      11,
      12,
      13,
      14,
      15,
      16,
      17,
      18,
      19,
      20,
      21,
      22,
      23,
      24,
      25,
      26,
      27,
      28,
      29,
      30,
      31,
      32,
      33,
      34,
      35,
      36,
      37,
      38,
      39,
      40
    ],
    "mean_fidelities": [
      0.9882849454879761,
      0.9885024428367615,
      0.9887056946754456,
      0.9888956546783447,
      0.9890733361244202,
      0.9892393350601196,
      0.9893945455551147,
      0.9895397424697876,
      0.9896752834320068,
      0.9898021221160889,
      0.9899206757545471,
      0.9900314211845398,
      0.9901349544525146,
      0.9902318716049194,
      0.9903222322463989,
      0.9904069304466248,
      0.9904860258102417,
      0.9905600547790527,
      0.9906291961669922,
      0.9906938672065735,
      0.9907543659210205,
      0.9908109307289124,
      0.9908638596534729,
      0.9909132719039917,
      0.9909595251083374,
      0.9910029768943787,
      0.9910433888435364,
      0.9910813570022583,
      0.9911167621612549,
      0.9911498427391052,
      0.9911808967590332,
      0.9912099838256836,
      0.991237223148346,
      0.991262674331665,
      0.99128657579422,
      0.9913089275360107,
      0.9913298487663269,
      0.991349458694458,
      0.991367757320404,
      0.9913850426673889,
      0.9914011359214783
    ],
    "std_fidelities": [
      0.0,
      0.0,
      0.0,
      0.0,
      0.0,
      0.0,
      0.0,
      0.0,
      0.0,
      0.0,
      0.0,
      0.0,
      0.0,
      0.0,
      0.0,
      0.0,
      0.0,
      0.0,
      0.0,
      0.0,
      0.0,
      0.0,
      0.0,
      0.0,
      0.0,
      0.0,
      0.0,
      0.0,
      0.0,
      0.0,
      0.0,
      0.0,
      0.0,
      0.0,
      0.0,
      0.0,
      0.0,
      0.0,
      0.0,
      0.0,
      0.0
    ],
    "final_fidelity": 0.9914011359214783
  },
  "very_hard": {
    "K_values": [
      0,
      1,
      2,
      3,
      4,
      5,
      6,
      7,
      8,
      9,
      10,
      11,
      12,
      13,
      14,
      15,
      16,
      17,
      18,
      19,
      20,
      21,
      22,
      23,
      24,
      25,
      26,
      27,
      28,
      29,
      30,
      31,
      32,
      33,
      34,
      35,
      36,
      37,
      38,
      39,
      40
    ],
    "mean_fidelities": [
      0.9870818257331848,
      0.9871348142623901,
      0.987184464931488,
      0.9872311353683472,
      0.9872748851776123,
      0.9873158931732178,
      0.987354576587677,
      0.9873908758163452,
      0.987424910068512,
      0.9874568581581116,
      0.9874868392944336,
      0.9875150322914124,
      0.9875415563583374,
      0.9875664114952087,
      0.9875897765159607,
      0.9876116514205933,
      0.9876322746276855,
      0.9876517057418823,
      0.9876699447631836,
      0.9876869320869446,
      0.9877030849456787,
      0.9877180457115173,
      0.9877322316169739,
      0.987745463848114,
      0.9877580404281616,
      0.9877697825431824,
      0.9877808094024658,
      0.9877912998199463,
      0.9878010749816895,
      0.9878101944923401,
      0.9878188371658325,
      0.987826943397522,
      0.987834632396698,
      0.987841784954071,
      0.9878485202789307,
      0.9878548979759216,
      0.9878608584403992,
      0.9878664016723633,
      0.9878718256950378,
      0.987876832485199,
      0.9878814816474915
    ],