{
  "easy": {
    "K_values": [
      0,
      1,
      2,
      3,
      4,
      5,
      6,
      7,
      8,
      9,
      10,
      11,
      12,
      13,
      14,
      15,
      16,
      17,
      18,
      19,
      20,
      21,
      22,
      23,
      24,
      25,
      26,
      27,
      28,
      29,
      30
    ],
    "mean_fidelities": [
      0.9995304942131042,
      0.9995306134223938,
      0.9995306134223938,
      0.9995306134223938,
      0.9995304942131042,
      0.9995304942131042,
      0.9995304942131042,
      0.9995306134223938,
      0.9995306134223938,
      0.9995306134223938,
      0.9995306134223938,
      0.9995306134223938,
      0.9995306134223938,
      0.9995307326316833,
      0.9995306134223938,
      0.9995303750038147,
      0.9995306134223938,
      0.9995306134223938,
      0.9995304942131042,
      0.9995304942131042,
      0.9995306134223938,
      0.9995306134223938,
      0.9995304942131042,
      0.9995306134223938,
      0.9995307326316833,
      0.9995304942131042,
      0.9995304942131042,
      0.9995306134223938,
      0.9995307326316833,
      0.9995306134223938,
      0.9995306134223938
    ],
    "std_fidelities": [
      0.0,
      0.0,
      0.0,
      0.0,
      0.0,
      0.0,
      0.0,
      0.0,
      0.0,
      0.0,
      0.0,
      0.0,
      0.0,
      0.0,
      0.0,
      0.0,
      0.0,
      0.0,
      0.0,
      0.0,
      0.0,
      0.0,
      0.0,
      0.0,
      0.0,
      0.0,
      0.0,
      0.0,
      0.0,
      0.0,
      0.0
    ],
    "final_fidelity": 0.9995306134223938
  },
  "medium": {
    "K_values": [
      0,
      1,
      2,
      3,
      4,
      5,
      6,
      7,
      8,
      9,
      10,
      11,
      12,
      13,
      14,
      15,
      16,
      17,
      18,
      19,
      20,
      21,
      22,
      23,
      24,
      25,
      26,
      27,
      28,
      29,
      30
    ],
    "mean_fidelities": [
      0.9990618228912354,
      0.9990618228912354,
      0.9990618228912354,
      0.9990619421005249,
      0.9990619421005249,
      0.9990619421005249,
      0.9990619421005249,
      0.9990620613098145,
      0.9990619421005249,
      0.9990619421005249,
      0.9990619421005249,
      0.9990619421005249,
      0.9990618228912354,
      0.9990619421005249,
      0.9990620613098145,
      0.9990619421005249,
      0.9990618228912354,
      0.9990619421005249,
      0.9990619421005249,
      0.9990620613098145,
      0.9990619421005249,
      0.9990619421005249,
      0.9990618228912354,
      0.9990619421005249,
      0.9990619421005249,
      0.9990619421005249,
      0.9990619421005249,
      0.9990619421005249,
      0.9990620613098145,
      0.9990619421005249,
      0.9990619421005249
    ],
    "std_fidelities": [
      0.0,
      0.0,
      0.0,
      0.0,
      0.0,
      0.0,
      0.0,
      0.0,
      0.0,
      0.0,
      0.0,
      0.0,
      0.0,
      0.0,
      0.0,
      0.0,
      0.0,
      0.0,
      0.0,
      0.0,
      0.0,
      0.0,
      0.0,
      0.0,
      0.0,
      0.0,
      0.0,
      0.0,
      0.0,
      0.0,
      0.0
    ],
    "final_fidelity": 0.9990619421005249
  },
  "hard": {
    "K_values": [
      0,
      1,
      2,
      3,
      4,
      5,
      6,
      7,
      8,
      9,
      10,
      11,
      12,
      13,
      14,
      15,
      16,
      17,
      18,
      19,
      20,
      21,
      22,
      23,
      24,
      25,
      26,
      27,
      28,
      29,
      30
    ],
    "mean_fidelities": [
      0.9975014925003052,
      0.9975016117095947,
      0.9975013732910156,
      0.9975014925003052,
      0.9975014925003052,
      0.9975014925003052,
      0.9975016117095947,
      0.9975014925003052,
      0.9975013732910156,
      0.9975014925003052,
      0.9975013732910156,
      0.9975014925003052,
      0.9975014925003052,
      0.9975014925003052,
      0.9975014925003052,
      0.9975014925003052,
      0.9975014925003052,
      0.9975014925003052,
      0.9975013732910156,
      0.9975014925003052,
      0.9975014925003052,
      0.9975014925003052,
      0.9975014925003052,
      0.9975013732910156,
      0.9975013732910156,
      0.9975014925003052,
      0.9975014925003052,
      0.9975013732910156,
      0.9975016117095947,
      0.9975013732910156,
      0.9975016117095947
    ],
    "std_fidelities": [
      0.0,
      0.0,
      0.0,
      0.0,
      0.0,
      0.0,
      0.0,
      0.0,
      0.0,
      0.0,
      0.0,
      0.0,
      0.0,
      0.0,
      0.0,
      0.0,
      0.0,
      0.0,
      0.0,
      0.0,
      0.0,
      0.0,
      0.0,
      0.0,
      0.0,
      0.0,
      0.0,
      0.0,
      0.0,
      0.0,
      0.0
    ],
    "final_fidelity": 0.9975016117095947
  },
  "very_hard": {
    "K_values": [
      0,
      1,
      2,
      3,
      4,
      5,
      6,
      7,
      8,
      9,
      10,
      11,
      12,
      13,
      14,
      15,
      16,
      17,
      18,
      19,
      20,
      21,
      22,
      23,
      24,
      25,
      26,
      27,
      28,
      29,
      30
    ],
    "mean_fidelities": [
      0.9982518553733826,
      0.9982518553733826,
      0.9982519745826721,
      0.9982519745826721,
      0.9982519745826721,
      0.9982518553733826,
      0.9982519745826721,
      0.9982518553733826,
      0.9982518553733826,
      0.9982519745826721,
      0.998251736164093,
      0.9982519745826721,
      0.9982518553733826,
      0.9982518553733826,
      0.9982519745826721,
      0.9982519745826721,
      0.9982519745826721,
      0.9982519745826721,
      0.9982519745826721,
      0.9982519745826721,
      0.9982520937919617,
      0.9982519745826721,
      0.9982519745826721,
      0.9982519745826721,
      0.9982519745826721,
      0.9982518553733826,
      0.9982518553733826,
      0.9982518553733826,
      0.9982519745826721,
      0.9982519745826721,
      0.9982519745826721
    ],
    "std_fidelities": [
      0.0,
      0.0,
      0.0,
      0.0,
      0.0,
      0.0,
      0.0,
      0.0,
      0.0,
      0.0,
      0.0,
      0.0,
      0.0,
      0.0,
      0.0,
      0.0,
      0.0,
      0.0,
      0.0,
      0.0,
      0.0,
      0.0,
      0.0,
      0.0,
      0.0,
      0.0,
      0.0,
      0.0,
      0.0,
      0.0,
      0.0
    ],
    "final_fidelity": 0.9982519745826721
  }
}