{
  "K_values": [
    0,
    2,
    4,
    6,
    8,
    10,
    12,
    14,
    16,
    18,
    20,
    22,
    24,
    26,
    28,
    30
  ],
  "mean_fidelities": [
    0.9677719529469808,
    0.9705354821681977,
    0.9711203034718832,
    0.9723354196548462,
    0.9726044487953186,
    0.973329184850057,
    0.9738370990753173,
    0.9741107241312662,
    0.9748642214139304,
    0.9751601183414459,
    0.9755920855204264,
    0.9760671965281169,
    0.9764314035574596,
    0.9768506411711376,
    0.9771948838233948,
    0.9775703374544781
  ],
  "std_fidelities": [
    0.00039062683174389824,
    0.0008319344716622422,
    0.0004168236438872252,
    0.0005192226452903023,
    0.0005941330741971131,
    0.0005926203845464869,
    0.0005082958711608544,
    0.0004997506141048299,
    0.0005467579900364093,
    0.0005042320423339444,
    0.0004916908928680253,
    0.000472561272601707,
    0.0004666738428616569,
    0.00047061772726113803,
    0.00044910550959130583,
    0.0004368459391664626
  ],
  "n_trials": 3,
  "n_tasks": 50
}