{
  "high_variance": {
    "k_values": [
      1,
      2,
      3,
      4,
      5,
      6,
      7,
      8,
      9,
      10
    ],
    "gaps_mean": [
      0.01057529816467325,
      0.024317615652883432,
      0.03847243441299985,
      0.053031022224860086,
      0.06798032129125993,
      0.08330252124840401,
      0.09897452274054583,
      0.11496760284527804,
      0.13124699270944873,
      0.147771652715513
    ],
    "gaps_std": [
      9.811947658875772e-07,
      2.1445206648191757e-06,
      3.3736484157703783e-06,
      4.6685195756577675e-06,
      6.026535888975156e-06,
      7.444853475720517e-06,
      8.919155804594368e-06,
      1.0443710692017743e-05,
      1.2009787245387228e-05,
      1.3606740601078199e-05
    ],
    "fit": {
      "success": true,
      "gap_max": 446.1438155541289,
      "mu_eta": 2.950143343244567e-05,
      "r2": 0.9687321017962207
    },
    "task_dist_config": {
      "alpha": [
        0.5,
        2.0
      ],
      "A": [
        0.01,
        1
      ],
      "omega_c": [
        1000,
        1000000
      ]
    }
  },
  "low_variance": {
    "k_values": [
      1,
      2,
      3,
      4,
      5,
      6,
      7,
      8,
      9,
      10
    ],
    "gaps_mean": [
      0.010520816540307044,
      0.024200551621719482,
      0.03828915924450181,
      0.05277796820251295,
      0.06765404852999383,
      0.08289975171633249,
      0.09849226352503236,
      0.11440317064334043,
      0.1305981483979634,
      0.14703669063366132
    ],
    "gaps_std": [
      6.752274131235211e-06,
      1.4695743383647446e-05,
      2.30958800493057e-05,
      3.1943691392880904e-05,
      4.1225860373314984e-05,
      5.091989524162373e-05,
      6.099386162489741e-05,
      7.140531319515193e-05,
      8.210228785657867e-05,
      9.301706129489969e-05
    ],
    "fit": {
      "success": true,
      "gap_max": 572.7085403536803,
      "mu_eta": 2.2878759703322837e-05,
      "r2": 0.9690117653817625
    },
    "task_dist_config": {
      "alpha": [
        0.5,
        1
      ],
      "A": [
        0.15,
        0.2
      ],
      "omega_c": [
        1000,
        3000
      ]
    }
  },
  "detuning_diversity": {
    "diversity_type": "detuning",
    "diversity_levels": [
      1.0,
      2.0,
      3.0,
      4.0,
      6.0,
      7,
      8,
      9,
      10
    ],
    "gaps_mean": [
      0.04999025533614774,
      0.05033848104625828,
      0.0462405915457116,
      0.048277244000582725,
      0.04969066893312492,
      0.05777451244482058,
      0.04486405674090062,
      0.0483911973815186,
      0.05806811959436872
    ],
    "gaps_std": [
      0.0010900671547644228,
      0.002166394411299526,
      0.0031825968371746085,
      0.004055907662082903,
      0.0052020109404402205,
      0.006222987850271718,
      0.0057086026189444,
      0.005825512978820374,
      0.006492024449930539
    ],
    "K_fixed": 7
  },
  "decoherence_diversity": {
    "diversity_type": "decoherence",
    "diversity_levels": [
      0.05,
      0.1,
      0.15,
      0.2,
      0.3,
      0.4
    ],
    "gaps_mean": [
      0.04777677223091685,
      0.050137468684930304,
      0.04843640207833902,
      0.04715716824540117,
      0.049403851449518324,
      0.04796640639831173
    ],
    "gaps_std": [
      0.0011210048185829715,
      0.001057604354981134,
      0.0010291444955179466,
      0.0009922601967245666,
      0.001108437697993367,
      0.0011887290778208473
    ],
    "K_fixed": 7
  }
}