{
  "ood_detuning": {
    "ood_levels": [
      1.0,
      1.5,
      2.0,
      2.5,
      3.0,
      4.0
    ],
    "fidelity_robust": [
      0.7869245335221253,
      0.7862752466361297,
      0.7873526909459307,
      0.7829197754932979,
      0.7811911095620824,
      0.77895162210845
    ],
    "fidelity_meta_init": [
      0.7767727334389071,
      0.7838154312176083,
      0.7908940742972085,
      0.7929281354022795,
      0.7944127774033366,
      0.796095327882728
    ],
    "fidelity_meta_adapted": [
      0.9076572966559183,
      0.9116645586467745,
      0.9193147180409083,
      0.918405328504773,
      0.9194493774335377,
      0.9216296300447899
    ],
    "std_robust": [
      0.0031611048786247655,
      0.002608368343514535,
      0.0019824564169214198,
      0.002036345888281282,
      0.002125039662796959,
      0.0013988278332599427
    ],
    "std_meta_init": [
      0.0036408544939350697,
      0.0018324773647930045,
      0.0010585054346343452,
      0.0013815753330955528,
      0.0012581984814257232,
      0.000686779616895413
    ],
    "std_meta_adapted": [
      0.004979312852329552,
      0.0030122249552688206,
      0.0018550453137299212,
      0.002613526221857983,
      0.0025152183336546894,
      0.0015397852182536377
    ]
  },
  "heatmap": {
    "robust": [
      0.762971479205177,
      0.7954176623010627,
      0.7924230577968253,
      0.746754873650209,
      0.7674035970211618
    ],
    "meta_init": [
      0.7782437114351688,
      0.7993134101197027,
      0.794740271250559,
      0.7636551037821976,
      0.776581570444619
    ],
    "meta_adapted": [
      0.8894914884908175,
      0.9320679322744592,
      0.9244201222775701,
      0.8623684847075919,
      0.889615319014178
    ]
  },
  "comparison": {
    "methods": [
      "Robust",
      "Meta+Adapt"
    ],
    "mean_fidelity": [
      0.7831629119671895,
      0.9047816729399688
    ],
    "std_fidelity": [
      0.008215077667696533,
      0.012495768550468267
    ]
  }
}