{
  "panel_a": {
    "K_values": [
      0,
      1,
      2,
      3,
      4,
      5,
      6,
      7,
      8,
      9,
      10,
      11,
      12,
      13,
      14,
      15
    ],
    "mean_gaps": [
      0.0,
      0.7551274478435517,
      0.1899954557418823,
      0.16239115595817566,
      0.18306703567504884,
      0.21040700674057006,
      0.27339980006217957,
      0.2770297169685364,
      0.24300132989883422,
      0.27340697050094603,
      0.2730898320674896,
      0.283533388376236,
      0.30705528855323794,
      0.30676440596580506,
      0.3067548871040344,
      0.30675447583198545
    ],
    "std_gaps": [
      0.0,
      0.04919430923397038,
      0.1472424838601067,
      0.14856539695368434,
      0.10584149975398086,
      0.12449587890557462,
      0.1259913735715401,
      0.12827963672731207,
      0.11919473649290135,
      0.11702197686971007,
      0.11625522261247362,
      0.11780029093700646,
      0.14076732241630904,
      0.1404420638864715,
      0.14043136367886733,
      0.1404309023914864
    ],
    "c": 0.29011801714302277,
    "beta": 9.99999999999973,
    "R_squared": 0.229552072722085,
    "mean_initial_loss": 0.9144539058208465
  },
  "panel_b": {
    "sigma_squared": [
      0.04000000000000001,
      0.16000000000000003,
      0.3600000000000001,
      0.6400000000000001,
      1.0,
      1.44,
      1.9600000000000004,
      2.5600000000000005,
      3.24,
      4.0
    ],
    "G_inf_means": [
      0.3033200025558472,
      0.23721123933792115,
      0.44045090675354004,
      0.24193803071975709,
      0.27023792266845703,
      0.22733621597290038,
      0.4042577981948853,
      0.39687061309814453,
      0.29840811491012575,
      0.39452496767044065
    ],
    "slope": 0.021642143858709127,
    "R_squared": 0.13626413184335945
  }
}