{
  "panel_a": {
    "K_values": [
      0,
      1,
      2,
      3,
      4,
      5,
      6,
      7,
      8,
      9,
      10
    ],
    "mean_gaps": [
      0.0,
      -0.6159928947687149,
      -0.7101789146661759,
      -0.7237484931945801,
      -0.7144963443279266,
      -0.7049550682306289,
      -0.689452949166298,
      -0.6744276821613312,
      -0.6672197043895721,
      -0.6394443362951279,
      -0.6408682733774185
    ],
    "std_gaps": [
      0.0,
      0.10322067670179363,
      0.07696151042033339,
      0.04004938188652103,
      0.05017981740136648,
      0.05917803331165705,
      0.06857312744501626,
      0.0743257182611712,
      0.08415301283805644,
      0.09508587254974946,
      0.1044340555994024
    ],
    "c": 3.9869922672326665e-09,
    "beta": 0.010000106992623187,
    "R_squared": -9.717371199334542,
    "mean_initial_loss": 0.09197103083133698
  },
  "panel_b": {
    "variance_values": [
      0.00018635203396177692,
      0.0007093024448673582,
      0.00198737907469612,
      0.003121686628556611,
      0.004705135486132301,
      0.00736296806033379,
      0.011186998851523432,
      0.011180228501197521,
      0.013755261262622378,
      0.013295138803192285
    ],
    "G_inf_means": [
      -0.6661052902539571,
      -0.666678520043691,
      -0.6080669085184733,
      -0.6576018929481506,
      -0.635247532526652,
      -0.6201579054196675,
      -0.6024275660514832,
      -0.5762585202852885,
      -0.6588767250378926,
      -0.6777673761049906
    ],
    "G_inf_stds": [
      0.10562964728011617,
      0.11585239229152829,
      0.13666332432110806,
      0.1086811180356501,
      0.1353370379748178,
      0.12556145856799358,
      0.12993947409038706,
      0.12129028023040477,
      0.15999522770210217,
      0.09314454209744884
    ],
    "slope": 1.2596447231613839,
    "intercept": -0.6454202227841451,
    "R_squared": 0.03869181112232187
  }
}