{
  "settings": {
    "inner_lr": 0.0002,
    "max_K": 30,
    "n_tasks": 20,
    "J_coupling": 2.0,
    "gate_time": 0.7853981633974483
  },
  "K_values": [
    0,
    1,
    2,
    3,
    4,
    5,
    6,
    7,
    8,
    9,
    10,
    11,
    12,
    13,
    14,
    15,
    16,
    17,
    18,
    19,
    20,
    21,
    22,
    23,
    24,
    25,
    26,
    27,
    28,
    29,
    30
  ],
  "mean_gaps": [
    0.0,
    0.09431891143321991,
    0.18072815537452697,
    0.25457301139831545,
    0.31464563608169555,
    0.3610041975975037,
    0.39348663985729215,
    0.413219690322876,
    0.4216296523809433,
    0.4209423363208771,
    0.415669772028923,
    0.4105433315038681,
    0.40800521373748777,
    0.40835233628749845,
    0.4108590424060822,
    0.41455457508564,
    0.41851083338260653,
    0.42195885479450224,
    0.42442462742328646,
    0.42581072747707366,
    0.426305940747261,
    0.42622374892234804,
    0.4259066343307495,
    0.42567612528800963,
    0.4257573038339615,
    0.4261834979057312,
    0.42680940926074984,
    0.42744494676589967,
    0.4279696851968765,
    0.4283478885889053,
    0.42858295142650604
  ],
  "std_gaps": [
    0.0,
    0.0002492321241112018,
    0.0005035656893259234,
    0.0007342090285288088,
    0.00092095371642852,
    0.0010611804862480866,
    0.0011607036844473709,
    0.0012223264401409527,
    0.001254627901255421,
    0.0012566386347770177,
    0.0012471011601846726,
    0.0012441116732406418,
    0.001251110664426525,
    0.0012635976722861213,
    0.0012766359248628195,
    0.0012868375878509447,
    0.0012917811710200457,
    0.0012902868739441992,
    0.00128302915613476,
    0.001272978055613235,
    0.0012640357727583013,
    0.0012593398719716955,
    0.001260151655817192,
    0.0012655954526496285,
    0.0012731832743944598,
    0.0012796359682736415,
    0.0012825048467998115,
    0.001281516906658206,
    0.0012783024999606049,
    0.0012747613284139951,
    0.0012722164510107006
  ],
  "mean_fidelities": [
    0.5421531707048416,
    0.6364720821380615,
    0.7228813260793686,
    0.796726182103157,
    0.8567988067865372,
    0.9031573683023453,
    0.9356398105621337,
    0.9553728610277176,
    0.9637828230857849,
    0.9630955070257187,
    0.9578229427337647,
    0.9526965022087097,
    0.9501583844423294,
    0.95050550699234,
    0.9530122131109238,
    0.9567077457904816,
    0.9606640040874481,
    0.9641120254993438,
    0.966577798128128,
    0.9679638981819153,
    0.9684591114521026,
    0.9683769196271896,
    0.9680598050355911,
    0.9678292959928513,
    0.9679104745388031,
    0.9683366686105728,
    0.9689625799655914,
    0.9695981174707413,
    0.9701228559017181,
    0.970501059293747,
    0.9707361221313476
  ],
  "std_fidelities": [
    0.0001438288858750096,
    0.0002735186070351819,
    0.0005053847909556456,
    0.0007300372689579158,
    0.0009163955712503068,
    0.0010584019247212816,
    0.0011596781545251218,
    0.0012227246740582694,
    0.0012561895000390683,
    0.001258840386503115,
    0.0012488176747332462,
    0.0012448573167317158,
    0.0012512264427385772,
    0.00126350414651915,
    0.001276490464786498,
    0.001286619205042006,
    0.0012915570922460234,
    0.0012902005138503052,
    0.0012831564800342807,
    0.0012733159639337392,
    0.0012645798556827732,
    0.0012600417516758305,
    0.0012608690707809273,
    0.0012661439542488075,
    0.0012734739162892556,
    0.0012797450890668525,
    0.0012825648263662503,
    0.0012815750211581304,
    0.0012783019264392995,
    0.0012746469496917805,
    0.0012720277959406914
  ],
  "mean_initial_loss": 0.4578468292951584,
  "fit": {
    "c": 0.4272577406737652,
    "beta": 0.33301667059115964,
    "R_squared": 0.9856293396423712
  }
}