{
  "gap_vs_K": {
    "K": [
      1,
      2,
      3,
      4,
      5,
      6,
      7,
      8,
      9,
      10,
      11,
      12,
      13,
      14,
      15,
      16,
      17,
      18,
      19,
      20
    ],
    "gap": [
      0.9975505343201625,
      0.9975515296017078,
      0.9975523804590715,
      0.9975531096533737,
      0.997553736477832,
      0.9975542770359088,
      0.997554745001573,
      0.9975551518101758,
      0.9975555071391168,
      0.9975558191290937,
      0.9975560946757434,
      0.9975563395193463,
      0.9975565585449957,
      0.9975567558412393,
      0.9975569348584472,
      0.9975570985069886,
      0.9975572492474731,
      0.9975573891182827,
      0.9975575198525132,
      0.9975576429252144
    ],
    "meta_fid": [
      0.9975505343201625,
      0.9975515296017078,
      0.9975523804590715,
      0.9975531096533737,
      0.997553736477832,
      0.9975542770359088,
      0.997554745001573,
      0.9975551518101758,
      0.9975555071391168,
      0.9975558191290937,
      0.9975560946757434,
      0.9975563395193463,
      0.9975565585449957,
      0.9975567558412393,
      0.9975569348584472,
      0.9975570985069886,
      0.9975572492474731,
      0.9975573891182827,
      0.9975575198525132,
      0.9975576429252144
    ]
  }
}