{
  "inner_lr": {
    "inner_lrs": [
      0.001,
      0.005,
      0.01,
      0.02,
      0.05
    ],
    "K_values": [
      1,
      3,
      5,
      10
    ],
    "gaps": {
      "0.001": {
        "1": -0.21798741941680463,
        "3": -0.21247153035508387,
        "5": -0.2068897786408875,
        "10": -0.19261467908302782
      },
      "0.005": {
        "1": -0.2070480893069529,
        "3": -0.17844206787298744,
        "5": -0.14747756367025663,
        "10": -0.04973539704982406
      },
      "0.01": {
        "1": -0.19338847012386085,
        "3": -0.1330653375346172,
        "5": -0.05761742595314669,
        "10": 0.08404501176663044
      },
      "0.02": {
        "1": -0.16622552988995343,
        "3": -0.02956389664912973,
        "5": 0.07951211327367054,
        "10": 0.18010486328153147
      },
      "0.05": {
        "1": -0.0878208837235813,
        "3": 0.1305812960874518,
        "5": 0.19082111213345326,
        "10": 0.13662988018228756
      }
    }
  },
  "first_vs_second_order": {
    "K_values": [
      1,
      3,
      5,
      10,
      20
    ],
    "second_order": [
      -0.1330474472231546,
      -0.04938593185822739,
      0.023643464329278285,
      0.13277624322260093,
      0.177506439960781
    ],
    "first_order": [
      -0.1330474472231546,
      -0.04938593185822739,
      0.023643464329278285,
      0.13277624322260093,
      0.177506439960781
    ]
  },
  "flat_variance": {
    "variances": [
      2.5338222565537284e-06,
      7.447928264754987e-05,
      0.0003396872702954358,
      0.001325033582264052,
      0.005174563530010825
    ],
    "gaps": [
      0.014758667441000161,
      0.014576717373160953,
      0.015006477635190718,
      0.014790671249761234,
      0.018539363071328686
    ]
  }
}