{
  "64": {
    "sigma_squared_values": [
      1e-05,
      0.0011200000000000001,
      0.00223,
      0.0033400000000000005,
      0.00445,
      0.00556,
      0.006670000000000001,
      0.0077800000000000005,
      0.00889,
      0.01
    ],
    "G_means": [
      -0.9720033725102742,
      -0.9161047279834748,
      -0.8312396506468455,
      -0.8806792835394541,
      -0.8092908799648285,
      -0.8638455847899119,
      -0.8332301457722981,
      -0.867941157023112,
      -0.7870671808719635,
      -0.7883624196052551
    ],
    "G_stds": [
      0.0012202233454298949,
      0.06537296585927202,
      0.17246112611031392,
      0.12455495261225047,
      0.16853296167635948,
      0.10911423119737776,
      0.15410762203809245,
      0.13817775360127735,
      0.19281877881952947,
      0.17416555318572266
    ],
    "slope": 13.433341973905558,
    "intercept": -0.922210316850139,
    "R_squared": 0.6011709985942648
  },
  "128": {
    "sigma_squared_values": [
      1e-05,
      0.0011200000000000001,
      0.00223,
      0.0033400000000000005,
      0.00445,
      0.00556,
      0.006670000000000001,
      0.0077800000000000005,
      0.00889,
      0.01
    ],
    "G_means": [
      -0.008055301507314046,
      0.05883443355560303,
      0.1280704379081726,
      0.10142064690589905,
      0.17771289944648744,
      0.1387164572874705,
      0.16332491636276245,
      0.1393040180206299,
      0.17980835636456807,
      0.20411951541900636
    ],
    "G_stds": [
      0.003486829305311144,
      0.08760774641708548,
      0.13426129449024857,
      0.1401173025808759,
      0.1435459588783594,
      0.12488846976806944,
      0.14944956481578417,
      0.1506009896929665,
      0.1444506821849554,
      0.1835929784895509
    ],
    "slope": 16.15765808776139,
    "intercept": 0.047456559247082766,
    "R_squared": 0.7282372587875392
  },
  "256": {
    "sigma_squared_values": [
      1e-05,
      0.0011200000000000001,
      0.00223,
      0.0033400000000000005,
      0.00445,
      0.00556,
      0.006670000000000001,
      0.0077800000000000005,
      0.00889,
      0.01
    ],
    "G_means": [
      -0.9778249561786652,
      -0.8603923956553141,
      -0.7341877341270446,
      -0.795062663157781,
      -0.6737220525741577,
      -0.7494719564914704,
      -0.7052685260772705,
      -0.7602175970872244,
      -0.6578013320763906,
      -0.6288851380348206
    ],
    "G_stds": [
      0.0014857389973187134,
      0.1346696225195612,
      0.24982695645279765,
      0.22193369446675956,
      0.25012973167110586,
      0.19571851359887157,
      0.24809768882431726,
      0.24081544277471653,
      0.2730850654551189,
      0.2889716743575009
    ],
    "slope": 25.236576581328883,
    "intercept": -0.8805925009355648,
    "R_squared": 0.6654752100550719
  }
}