{
  "high_variance": {
    "k_values": [
      1,
      2,
      3,
      5,
      7,
      10
    ],
    "gaps_mean": [
      -0.05348992624926818,
      -0.018501723314187868,
      0.013587037368568478,
      0.06736976919451104,
      0.10688672216045908,
      0.1439309237425122
    ],
    "gaps_std": [
      0.02474817229571451,
      0.0234888810582733,
      0.021721819786923256,
      0.017318773478948314,
      0.012751046090779556,
      0.007210224814347967
    ],
    "fit": {
      "success": true,
      "gap_max": 826.6408786021998,
      "mu_eta": 1.7266392779060362e-05,
      "r2": 0.7319246584290631
    },
    "task_dist_config": {
      "alpha": [
        0.5,
        2.0
      ],
      "A": [
        0.05,
        0.3
      ],
      "omega_c": [
        2.0,
        8.0
      ]
    }
  },
  "low_variance": {
    "k_values": [
      1,
      2,
      3,
      5,
      7,
      10
    ],
    "gaps_mean": [
      -0.10793970551274285,
      -0.06763976224704082,
      -0.02947717152052981,
      0.03687876529926365,
      0.08722401885466363,
      0.1350135424084718
    ],
    "gaps_std": [
      0.02000012533433984,
      0.020798499429132235,
      0.020635055764536572,
      0.018068151007925203,
      0.013938926153118912,
      0.00792121094105452
    ],
    "fit": {
      "success": true,
      "gap_max": 784.7889935496634,
      "mu_eta": 1.5923887949740316e-05,
      "r2": 0.3533315035988225
    },
    "task_dist_config": {
      "alpha": [
        1.0,
        1.5
      ],
      "A": [
        0.15,
        0.2
      ],
      "omega_c": [
        4.0,
        6.0
      ]
    }
  },
  "detuning_diversity": {
    "diversity_type": "detuning",
    "diversity_levels": [
      1.0,
      2.0,
      3.0,
      4.0,
      6.0
    ],
    "gaps_mean": [
      -0.02228806316582227,
      -0.12430285920993495,
      -0.08182128374210135,
      0.07689379108911293,
      -0.10121373141009132
    ],
    "gaps_std": [
      0.007346312766619089,
      0.027788300935589177,
      0.1307925864898791,
      0.026749585915327074,
      0.02864872566009887
    ],
    "K_fixed": 5
  },
  "decoherence_diversity": {
    "diversity_type": "decoherence",
    "diversity_levels": [
      0.05,
      0.1,
      0.15,
      0.2,
      0.3
    ],
    "gaps_mean": [
      -0.08576923673197218,
      0.03147140642537943,
      0.009501232736141285,
      0.05254773412505459,
      -0.019402350985341432
    ],
    "gaps_std": [
      0.027897222578375815,
      0.004400091162302365,
      0.02979974403936322,
      0.015260339160570681,
      0.024101463820133825
    ],
    "K_fixed": 5
  }
}