{
  "variances": [
    0.0016892622604012613,
    0.006709836423278192,
    0.06203850964368907,
    0.11359231516217655,
    2.081589774725571
  ],
  "gaps_mean": [
    0.5103429451841739,
    0.5099645045274533,
    0.509010175548565,
    0.5041626691849294,
    0.4268755553987466
  ],
  "gaps_std": [
    0.00010037088039414554,
    0.0002007666850231489,
    0.0008194759844197114,
    0.001502191796374825,
    0.030862242113406938
  ],
  "gaps_all": [
    [
      0.5103719793635559,
      0.5103297938120479,
      0.5101622795457113,
      0.5104160188619158,
      0.5097791747431997,
      0.5104745310600822,
      0.510101018061933,
      0.5100963160744327,
      0.5108226981799096,
      0.5108756421389511
    ],
    [
      0.5091749905608756,
      0.5100865793367988,
      0.5105766083221165,
      0.5088707282115699,
      0.5101865479575167,
      0.5101430367024357,
      0.5107618721440687,
      0.5102251510003946,
      0.5105128575798262,
      0.5091066734589303
    ],
    [
      0.5085085045201065,
      0.5134571055306252,
      0.508580105449786,
      0.5084285261527132,
      0.5101192586766107,
      0.5031405105510914,
      0.5092867416773823,
      0.5112714959061113,
      0.5069997290836471,
      0.5103097779375754
    ],
    [
      0.5148282075885235,
      0.4981317177959579,
      0.5009228501463374,
      0.502668283625713,
      0.5034855449221615,
      0.49953157261225284,
      0.5088923587363909,
      0.5010639454743926,
      0.5051044450916375,
      0.5069977658559262
    ],
    [
      0.41732482452770026,
      0.2525200022700447,
      0.4238508808635186,
      0.490481181784184,
      0.23607910720741737,
      0.5401420759723029,
      0.46753570936074235,
      0.5060792551647224,
      0.47883929372371414,
      0.4559032231131197
    ]
  ],
  "K_fixed": 1,
  "fit": {
    "success": true,
    "slope": 14.012626011927503,
    "r2": -155087.57795327902
  },
  "grape": {
    "included": false,
    "fidelities_per_variance": [],
    "iterations": null
  },
  "config": {
    "num_qubits": 1,
    "n_controls": 2,
    "n_segments": 20,
    "horizon": 1.0,
    "target_gate": "hadamard",
    "hidden_dim": 128,
    "n_hidden_layers": 2,
    "inner_lr": 0.01,
    "alpha_range": [
      0.5,
      2.0
    ],
    "A_range": [
      0.05,
      0.3
    ],
    "omega_c_range": [
      2.0,
      8.0
    ],
    "noise_frequencies": [
      1.0,
      5.0,
      10.0
    ]
  },
  "n_test_tasks": 10
}