{
  "variances": [
    0.0029671840414019,
    0.0003092104073184524,
    0.0001178896929071888,
    0.06662377282685863,
    0.000579520150480081
  ],
  "gaps_mean": [
    0.5958460721395822,
    0.6030477412081736,
    0.5728705907971423,
    0.547276046622782,
    0.5276930966631357
  ],
  "gaps_std": [
    0.004701138706484735,
    0.003595596202157454,
    0.01427063612295437,
    0.023514630542805462,
    0.018900737275207767
  ],
  "gaps_all": [
    [
      0.60249448625689,
      0.5891976580222743
    ],
    [
      0.5979628002942653,
      0.6081326821220818
    ],
    [
      0.5930523179459157,
      0.5526888636483688
    ],
    [
      0.5140213371949538,
      0.58053075605061
    ],
    [
      0.5009634176696862,
      0.5544227756565853
    ]
  ],
  "K_fixed": 5,
  "fit": {
    "success": true,
    "slope": 19.153836314298932,
    "r2": -433.8023907226083
  },
  "grape": {
    "included": false,
    "fidelities_per_variance": [],
    "iterations": null
  },
  "config": {
    "num_qubits": 1,
    "n_controls": 2,
    "n_segments": 20,
    "horizon": 1.0,
    "target_gate": "hadamard",
    "hidden_dim": 128,
    "n_hidden_layers": 2,
    "inner_lr": 0.01,
    "alpha_range": [
      0.5,
      2.0
    ],
    "A_range": [
      0.05,
      0.3
    ],
    "omega_c_range": [
      2.0,
      8.0
    ],
    "noise_frequencies": [
      1.0,
      5.0,
      10.0
    ]
  },
  "n_test_tasks": 2
}