{
  "iterations": [
    0,
    1,
    2,
    3,
    4,
    5,
    6,
    7,
    8,
    9,
    10,
    11,
    12,
    13,
    14,
    15,
    16,
    17,
    18,
    19,
    20,
    21,
    22,
    23,
    24,
    25,
    26,
    27,
    28,
    29,
    30,
    31,
    32,
    33,
    34,
    35,
    36,
    37,
    38,
    39,
    40,
    41,
    42,
    43,
    44,
    45,
    46,
    47,
    48,
    49,
    50,
    51,
    52,
    53,
    54,
    55,
    56,
    57,
    58,
    59,
    60,
    61,
    62,
    63,
    64,
    65,
    66,
    67,
    68,
    69,
    70,
    71,
    72,
    73,
    74,
    75,
    76,
    77,
    78,
    79,
    80,
    81,
    82,
    83,
    84,
    85,
    86,
    87,
    88,
    89,
    90,
    91,
    92,
    93,
    94,
    95,
    96,
    97,
    98,
    99,
    100,
    101,
    102,
    103,
    104,
    105,
    106,
    107,
    108,
    109,
    110,
    111,
    112,
    113,
    114,
    115,
    116,
    117,
    118,
    119,
    120,
    121,
    122,
    123,
    124,
    125,
    126,
    127,
    128,
    129,
    130,
    131,
    132,
    133,
    134,
    135,
    136,
    137,
    138,
    139,
    140,
    141,
    142,
    143,
    144,
    145,
    146,
    147,
    148,
    149,
    150,
    151,
    152,
    153,
    154,
    155,
    156,
    157,
    158,
    159,
    160,
    161,
    162,
    163,
    164,
    165,
    166,
    167,
    168,
    169,
    170,
    171,
    172,
    173,
    174,
    175,
    176,
    177,
    178,
    179,
    180,
    181,
    182,
    183,
    184,
    185,
    186,
    187,
    188,
    189,
    190,
    191,
    192,
    193,
    194,
    195,
    196,
    197,
    198,
    199
  ],
  "meta_loss": [
    0.1518489122390747,
    0.15067166090011597,
    0.1517610251903534,
    0.15207049250602722,
    0.15266145765781403,
    0.15109054744243622,
    0.15182794630527496,
    0.15119455754756927,
    0.15195231139659882,
    0.1522253453731537,
    0.15221430361270905,
    0.15189264714717865,
    0.15197931230068207,
    0.15325960516929626,
    0.15298768877983093,
    0.15226370096206665,
    0.15231266617774963,
    0.1520242542028427,
    0.15159380435943604,
    0.15141600370407104,
    0.15139006078243256,
    0.15135794878005981,
    0.15199677646160126,
    0.15117260813713074,
    0.15185832977294922,
    0.15216507017612457,
    0.15276703238487244,
    0.15271717309951782,
    0.15316590666770935,
    0.15157683193683624,
    0.15225337445735931,
    0.15137892961502075,
    0.15106801688671112,
    0.15112200379371643,
    0.1515880674123764,
    0.15148325264453888,
    0.15056298673152924,
    0.15218490362167358,
    0.15203893184661865,
    0.15174438059329987,
    0.15217117965221405,
    0.15143513679504395,
    0.1525634229183197,
    0.15184713900089264,
    0.15198518335819244,
    0.15104028582572937,
    0.15194129943847656,
    0.15199361741542816,
    0.15120668709278107,
    0.15142516791820526,
    0.1527687907218933,
    0.15123814344406128,
    0.1511506289243698,
    0.1520853340625763,
    0.1522534042596817,
    0.15208448469638824,
    0.1522548645734787,
    0.15161293745040894,
    0.15337002277374268,
    0.15096360445022583,
    0.15348024666309357,
    0.15276430547237396,
    0.15212737023830414,
    0.15254881978034973,
    0.1517004817724228,
    0.15153388679027557,
    0.15254998207092285,
    0.1525377780199051,
    0.15148545801639557,
    0.1515398621559143,
    0.15139023959636688,
    0.1514178067445755,
    0.15200679004192352,
    0.15103641152381897,
    0.1527768224477768,
    0.15235324203968048,
    0.15203115344047546,
    0.15110096335411072,
    0.1509886384010315,
    0.15228363871574402,
    0.1535264104604721,
    0.1518278270959854,
    0.1520962119102478,
    0.15226949751377106,
    0.15259285271167755,
    0.15225829184055328,
    0.15184089541435242,
    0.15042130649089813,
    0.152031809091568,
    0.1517980396747589,
    0.1515612006187439,
    0.152319997549057,
    0.15177421271800995,
    0.15178371965885162,
    0.15167540311813354,
    0.15173955261707306,
    0.1521614044904709,
    0.15151473879814148,
    0.15183866024017334,
    0.15184032917022705,
    0.151404470205307,
    0.1526319980621338,
    0.15189716219902039,
    0.15245196223258972,
    0.15289297699928284,
    0.15242378413677216,
    0.15141698718070984,
    0.15183588862419128,
    0.15061913430690765,
    0.1516936868429184,
    0.1515919417142868,
    0.15199744701385498,
    0.15225228667259216,
    0.15138232707977295,
    0.15052101016044617,
    0.15150867402553558,
    0.15242919325828552,
    0.1524491310119629,
    0.15245740115642548,
    0.15181978046894073,
    0.1521371454000473,
    0.1519049108028412,
    0.1532617211341858,
    0.15243512392044067,
    0.15197405219078064,
    0.15071596205234528,
    0.15178196132183075,
    0.15234211087226868,
    0.15196263790130615,
    0.1527675837278366,
    0.15181629359722137,
    0.15202325582504272,
    0.15122677385807037,
    0.1517612785100937,
    0.1522282361984253,
    0.15156590938568115,
    0.1524084210395813,
    0.1518978476524353,
    0.15258918702602386,
    0.15154534578323364,
    0.15196797251701355,
    0.15187053382396698,
    0.15133963525295258,
    0.1519462615251541,
    0.15207140147686005,
    0.15092481672763824,
    0.15250225365161896,
    0.1514664590358734,
    0.15183769166469574,
    0.15173830091953278,
    0.15152350068092346,
    0.15256713330745697,
    0.15096288919448853,
    0.15137891471385956,
    0.15274973213672638,
    0.15248076617717743,
    0.1522158831357956,
    0.15211673080921173,
    0.15157102048397064,
    0.1519434005022049,
    0.15213099122047424,
    0.15219654142856598,
    0.15247970819473267,
    0.15270854532718658,
    0.1518213152885437,
    0.15189535915851593,
    0.15140900015830994,
    0.151948019862175,
    0.15126074850559235,
    0.15180537104606628,
    0.1522313505411148,
    0.1517762541770935,
    0.15206508338451385,
    0.15302032232284546,
    0.15230043232440948,
    0.15136612951755524,
    0.1520361602306366,
    0.15298038721084595,
    0.1509408801794052,
    0.1506049633026123,
    0.15241937339305878,
    0.15149612724781036,
    0.15216973423957825,
    0.15206001698970795,
    0.1520022749900818,
    0.15212535858154297,
    0.15142369270324707,
    0.1525173783302307,
    0.151450052857399,
    0.1525949239730835,
    0.15258736908435822,
    0.1518768072128296,
    0.1523314118385315,
    0.15231049060821533,
    0.15292240679264069,
    0.15122345089912415,
    0.15141786634922028,
    0.15135040879249573,
    0.1523151844739914,
    0.15122301876544952
  ],
  "val_fidelity": [
    0.8482586205005646,
    0.8473896741867065,
    0.848427164554596,
    0.8482245028018951,
    0.8478058934211731,
    0.8479042172431945,
    0.8480156183242797,
    0.847906619310379,
    0.8482951819896698,
    0.8476954877376557,
    0.8481710433959961
  ],
  "val_pre_adapt": [
    0.750119286775589,
    0.7498238265514374,
    0.7495667695999145,
    0.7500316739082337,
    0.7500166356563568,
    0.7497778952121734,
    0.7492989897727966,
    0.7498492181301117,
    0.7498926520347595,
    0.7506577610969544,
    0.7499938368797302
  ],
  "val_post_adapt": [
    0.8482586205005646,
    0.8473896741867065,
    0.848427164554596,
    0.8482245028018951,
    0.8478058934211731,
    0.8479042172431945,
    0.8480156183242797,
    0.847906619310379,
    0.8482951819896698,
    0.8476954877376557,
    0.8481710433959961
  ]
}