{
  "spread_levels": [
    0.01,
    0.06642857142857143,
    0.12285714285714286,
    0.1792857142857143,
    0.23571428571428574,
    0.29214285714285715,
    0.3485714285714286,
    0.405,
    0.46142857142857147,
    0.5178571428571429,
    0.5742857142857143,
    0.6307142857142858,
    0.6871428571428572,
    0.7435714285714287,
    0.8
  ],
  "task_variances": [
    3.751130994204763e-07,
    1.7328838987544383e-05,
    6.683748124234816e-05,
    0.00011402168538475169,
    0.00028399125732061147,
    0.00038077833303348335,
    0.0005595370992277507,
    0.0007204244312248415,
    0.0009390540833526372,
    0.0012114878110894556,
    0.0011778827490202919,
    0.0018230310118289034,
    0.0017939881636810076,
    0.0024221400524395,
    0.003130743559898269
  ],
  "loss_means": [
    0.9357368218898773,
    0.9358120657503605,
    0.9359518223255873,
    0.9352172858268023,
    0.9357780708372593,
    0.9357889419049025,
    0.9336356630921364,
    0.9387801966816187,
    0.9352501778304577,
    0.935576774701476,
    0.9344912893697619,
    0.9346433569118381,
    0.9400203596428036,
    0.9344733386486769,
    0.9347964838147164
  ],
  "loss_variances": [
    6.991293993632297e-08,
    3.1606582010251797e-06,
    1.2421419757393134e-05,
    2.2433034609815658e-05,
    5.2851923347124935e-05,
    6.483792414273692e-05,
    0.00011281567647369704,
    0.00013614585677617294,
    0.0001713906148248678,
    0.00019916880765276314,
    0.0002605424366706068,
    0.0002901586387991387,
    0.0002946823058926939,
    0.0004222724756030296,
    0.0005183143396212442
  ],
  "loss_stds": [
    0.0002644105518626724,
    0.0017778240073261413,
    0.0035244034612105825,
    0.0047363524583603,
    0.007269932829615754,
    0.008052199956703567,
    0.010621472424936999,
    0.01166815567157779,
    0.013091623842169763,
    0.014112717939956256,
    0.016141326979855368,
    0.017034043524634387,
    0.017166313112974896,
    0.02054926946640755,
    0.02276651795117655
  ],
  "correlation": {
    "task_var_vs_loss_var": {
      "R2": 0.9870237668692705,
      "slope": 0.16625346742220948,
      "intercept": 8.469710256830553e-06
    },
    "task_var_vs_loss_std": {
      "R2": 0.8945918142532262,
      "slope": 6.821651692283238,
      "intercept": 0.004593101395344973
    }
  }
}