{
  "k_values": [
    1,
    2,
    3,
    5,
    7,
    10,
    15,
    20
  ],
  "gaps_mean": [
    -0.037412017485606075,
    -0.00729129982228327,
    0.020055833309406357,
    0.06559785485057396,
    0.09927227460238203,
    0.1318764829532062,
    0.15738938956822673,
    0.16678259616899316
  ],
  "gaps_std": [
    0.014035241672848787,
    0.016789174867993317,
    0.018831188108015057,
    0.020802447452300147,
    0.02051745491699415,
    0.01797324445044393,
    0.013423322661037304,
    0.010746936439338727
  ],
  "gaps_all": {
    "1": [
      -0.05726084661053288,
      -0.01756318836067927
    ],
    "2": [
      -0.031034778621652936,
      0.016452178977086396
    ],
    "3": [
      -0.0065754883085474836,
      0.0466871549273602
    ],
    "5": [
      0.03617875153297745,
      0.09501695816817046
    ],
    "7": [
      0.07025621159339035,
      0.1282883376113737
    ],
    "10": [
      0.10645847689154142,
      0.15729448901487098
    ],
    "15": [
      0.13840594460887767,
      0.1763728345275758
    ],
    "20": [
      0.1515841329025187,
      0.1819810594354676
    ]
  },
  "fit": {
    "success": true,
    "gap_max": 0.2723792126750181,
    "mu_eta": 0.051262186812932535,
    "r2": 0.8769742081604572
  },
  "grape": {
    "included": false,
    "fidelities": [],
    "mean": null,
    "std": null,
    "iterations": null
  },
  "config": {
    "num_qubits": 1,
    "n_controls": 2,
    "n_segments": 20,
    "horizon": 1.0,
    "target_gate": "pauli_x",
    "hidden_dim": 128,
    "n_hidden_layers": 2,
    "inner_lr": 0.01,
    "alpha_range": [
      0.5,
      2.0
    ],
    "A_range": [
      0.05,
      0.3
    ],
    "omega_c_range": [
      2.0,
      8.0
    ],
    "noise_frequencies": [
      1.0,
      5.0,
      10.0
    ]
  },
  "n_test_tasks": 2
}