{
  "methods": [
    "Robust\nGRAPE",
    "Meta-init\n(K=0)",
    "Meta-adapted\n(K=5)",
    "Meta-adapted\n(K=10)",
    "Meta-adapted\n(K=20)",
    "Per-task\nGRAPE"
  ],
  "means": [
    97.87596980730693,
    98.9411211013794,
    98.94287109375,
    98.9440929889679,
    98.94583304723103,
    99.32993094126384
  ],
  "stds": [
    0.5591432343173967,
    0.2647144624162564,
    0.266636104084069,
    0.26811201357137143,
    0.27005635163418296,
    0.11385256359872437
  ],
  "maml_steps": [
    0,
    5,
    10,
    20
  ],
  "maml_fids": [
    98.9411211013794,
    98.94287109375,
    98.9440929889679,
    98.94583304723103
  ],
  "avg_grape_trajectory": [
    0.028020820063829888,
    2.2869962453842163,
    6.705045588314533,
    13.835490196943285,
    23.409755527973175,
    34.92976874113083,
    47.67831772565842,
    60.74109971523285,
    73.06294620037079,
    83.55274736881256,
    91.25213205814362,
    95.56586265563965,
    96.49723708629608,
    94.74573791027069,
    91.50825321674347,
    88.04135739803314,
    85.27464389801025,
    83.68743121623993,
    83.3885669708252,
    84.24693942070007,
    85.99386990070343,
    88.2884269952774,
    90.7635897397995,
    93.06870520114899,
    94.91345763206482,
    96.11043334007263,
    96.60245299339294,
    96.46654486656189,
    95.88579535484314,
    95.0981616973877,
    94.33737576007843,
    93.78572702407837,
    93.5477876663208,
    93.64588439464569,
    94.0326714515686,
    94.61172044277191,
    95.26304602622986,
    95.8691394329071,
    96.33622467517853,
    96.61117553710938,
    96.68682992458344,
    96.59736514091492,
    96.40591859817505,
    96.18594825267792,
    96.00342333316803,
    95.90417802333832,
    95.9069550037384,
    96.00401282310486,
    96.16713583469391,
    96.35747253894806,
    96.53510689735413,
    96.66910231113434,
    96.74263894557953,
    96.75562977790833,
    96.7216032743454,
    96.66272163391113,
    96.6034060716629,
    96.56330466270447,
    96.5540224313736,
    96.577268242836,
    96.62583589553833,
    96.68731153011322,
    96.74786686897278,
    96.79589033126831,
    96.82484090328217,
    96.83381736278534,
    96.82750821113586,
    96.8134605884552,
    96.79995536804199,
    96.79371953010559,
    96.79790377616882,
    96.81253492832184,
    96.83476209640503,
    96.85973882675171,
    96.88280999660492,
    96.90070748329163,
    96.91176533699036,
    96.9167286157608,
    96.91794216632843,
    96.91831767559052,
    96.92045867443085,
    96.92598581314087,
    96.93531811237335,
    96.94752514362335,
    96.96114480495453,
    96.9742888212204,
    96.98571741580963,
    96.99486196041107,
    97.0019257068634,
    97.00766384601593,
    97.01331734657288,
    97.0195198059082,
    97.0270824432373,
    97.0359992980957,
    97.04578816890717,
    97.05602526664734,
    97.06589460372925,
    97.07507729530334,
    97.0837265253067,
    97.09163069725037,
    97.09904193878174,
    97.10672855377197,
    97.11476743221283,
    97.12322235107422,
    97.13223338127136,
    97.14143455028534,
    97.15070247650146,
    97.15980410575867,
    97.16862976551056,
    97.17714846134186,
    97.18562722206116,
    97.19404876232147,
    97.20259249210358,
    97.21132040023804,
    97.22027599811554,
    97.22937345504761,
    97.23833978176117,
    97.24744081497192,
    97.25646615028381,
    97.26536273956299,
    97.2741311788559,
    97.28294253349304,
    97.291738986969,
    97.3008519411087,
    97.30982780456543,
    97.31898784637451,
    97.32798933982849,
    97.33704149723053,
    97.34614133834839,
    97.35514461994171,
    97.36412763595581,
    97.37315833568573,
    97.38211512565613,
    97.39117324352264,
    97.40017235279083,
    97.40932404994965,
    97.41832852363586,
    97.42734730243683,
    97.43627786636353,
    97.44534313678741,
    97.45427012443542,
    97.46322870254517,
    97.47218310832977,
    97.48113334178925,
    97.49022960662842,
    97.4990165233612,
    97.5079745054245,
    97.51687526702881,
    97.52575397491455,
    97.53457605838776,
    97.54348576068878
  ],
  "n_tasks": 15,
  "n_cost_tasks": 10,
  "max_grape_iters": 150
}