{
  "constants": {
    "Delta_min": 0.0006943086768493804,
    "Delta_mean": 0.0016915749141848482,
    "Delta_std": 0.0014997064278557586,
    "mu_min": 0.00030451609061775143,
    "mu_mean": 0.00021144686427310597,
    "mu_std": 0.0001874633034819698,
    "C_filter": 0.07957739196853582,
    "sigma2_S": 6.35508501944514e-05,
    "c_quantum": 0.07957739196853582
  },
  "theoretical_predictions": {
    "mu_theory": 8.678858460617254e-05,
    "mu_ratio": 3.5087113357082425,
    "c_quantum_theory": 3.492716807451068e-11,
    "c_quantum_ratio": 2278380881.00278
  },
  "system_parameters": {
    "d": 2,
    "M": 1.4142135623730951,
    "T": 1.0,
    "m": 2
  },
  "config": {
    "seed": 42,
    "psd_model": "one_over_f",
    "horizon": 1.0,
    "target_gate": "pauli_x",
    "task_dist_type": "uniform",
    "alpha_range": [
      0.5,
      2.0
    ],
    "A_range": [
      0.001,
      0.01
    ],
    "omega_c_range": [
      2.0,
      10.0
    ],
    "task_feature_dim": 3,
    "hidden_dim": 128,
    "n_hidden_layers": 1,
    "n_segments": 20,
    "n_controls": 2,
    "output_scale": 2.0,
    "activation": "tanh",
    "inner_lr": 0.01,
    "inner_steps": 1,
    "meta_lr": 0.01,
    "first_order": true,
    "n_iterations": 50,
    "tasks_per_batch": 5,
    "n_support": 2,
    "n_query": 2,
    "log_interval": 10,
    "val_interval": 50,
    "val_tasks": 5,
    "save_dir": "checkpoints",
    "robust_type": "minimax",
    "robust_iterations": 1000,
    "robust_tasks_per_batch": 16,
    "gap_n_samples": 100,
    "gap_K_values": [
      1,
      3,
      5,
      10,
      20
    ],
    "gap_variance_range": [
      0.01,
      0.05,
      0.1,
      0.2,
      0.5
    ]
  },
  "n_sample_tasks": 50
}