{
  "iterations": [
    0,
    1,
    2,
    3,
    4,
    5,
    6,
    7,
    8,
    9,
    10,
    11,
    12,
    13,
    14,
    15,
    16,
    17,
    18,
    19,
    20,
    21,
    22,
    23,
    24,
    25,
    26,
    27,
    28,
    29,
    30,
    31,
    32,
    33,
    34,
    35,
    36,
    37,
    38,
    39,
    40,
    41,
    42,
    43,
    44,
    45,
    46,
    47,
    48,
    49,
    50,
    51,
    52,
    53,
    54,
    55,
    56,
    57,
    58,
    59,
    60,
    61,
    62,
    63,
    64,
    65,
    66,
    67,
    68,
    69,
    70,
    71,
    72,
    73,
    74,
    75,
    76,
    77,
    78,
    79,
    80,
    81,
    82,
    83,
    84,
    85,
    86,
    87,
    88,
    89,
    90,
    91,
    92,
    93,
    94,
    95,
    96,
    97,
    98,
    99,
    100,
    101,
    102,
    103,
    104,
    105,
    106,
    107,
    108,
    109,
    110,
    111,
    112,
    113,
    114,
    115,
    116,
    117,
    118,
    119,
    120,
    121,
    122,
    123,
    124,
    125,
    126,
    127,
    128,
    129,
    130,
    131,
    132,
    133,
    134,
    135,
    136,
    137,
    138,
    139,
    140,
    141,
    142,
    143,
    144,
    145,
    146,
    147,
    148,
    149,
    150,
    151,
    152,
    153,
    154,
    155,
    156,
    157,
    158,
    159,
    160,
    161,
    162,
    163,
    164,
    165,
    166,
    167,
    168,
    169,
    170,
    171,
    172,
    173,
    174,
    175,
    176,
    177,
    178,
    179,
    180,
    181,
    182,
    183,
    184,
    185,
    186,
    187,
    188,
    189,
    190,
    191,
    192,
    193,
    194,
    195,
    196,
    197,
    198,
    199
  ],
  "meta_loss": [
    0.9999785423278809,
    0.9998642802238464,
    0.9995055198669434,
    0.9992415904998779,
    0.9990766644477844,
    0.9974974989891052,
    0.9965623617172241,
    0.9951791763305664,
    0.9940309524536133,
    0.9894682168960571,
    0.985905110836029,
    0.981086254119873,
    0.9628313779830933,
    0.9546935558319092,
    0.9282508492469788,
    0.9367825984954834,
    0.8979772925376892,
    0.8006596565246582,
    0.7887383699417114,
    0.7143410444259644,
    0.6360349655151367,
    0.5712440013885498,
    0.2960023283958435,
    0.3110755681991577,
    0.3038031756877899,
    0.22315841913223267,
    0.07486045360565186,
    0.10363529622554779,
    0.048084139823913574,
    0.1705249696969986,
    0.16257263720035553,
    0.1295456439256668,
    0.07292753458023071,
    0.06794381141662598,
    0.17434504628181458,
    0.0522550493478775,
    0.1538619101047516,
    0.19222547113895416,
    0.08692434430122375,
    0.06206604838371277,
    0.09889622032642365,
    0.05443955957889557,
    0.044120267033576965,
    0.056264787912368774,
    0.04638172686100006,
    0.112128347158432,
    0.11974160373210907,
    0.05115211009979248,
    0.0693524181842804,
    0.0966719537973404,
    0.06245189905166626,
    0.11828085780143738,
    0.07104592025279999,
    0.059943169355392456,
    0.09163881838321686,
    0.05389140546321869,
    0.08475099503993988,
    0.04047118127346039,
    0.0531502366065979,
    0.048403456807136536,
    0.09254778921604156,
    0.04224410653114319,
    0.04828830063343048,
    0.09698474407196045,
    0.0547432005405426,
    0.0876438170671463,
    0.056786924600601196,
    0.061815276741981506,
    0.050493717193603516,
    0.06955845654010773,
    0.05521129071712494,
    0.08662141859531403,
    0.06558607518672943,
    0.05216701328754425,
    0.09226647019386292,
    0.0477607399225235,
    0.11098182201385498,
    0.08034087717533112,
    0.06080392003059387,
    0.043632879853248596,
    0.07826124131679535,
    0.052541881799697876,
    0.0896696001291275,
    0.04267279803752899,
    0.04901990294456482,
    0.04628792405128479,
    0.05861029028892517,
    0.046282410621643066,
    0.08420462906360626,
    0.03465043008327484,
    0.05616934597492218,
    0.04823783040046692,
    0.05223959684371948,
    0.04129849374294281,
    0.07407496869564056,
    0.06999032199382782,
    0.04472038149833679,
    0.07571081817150116,
    0.0777418464422226,
    0.06272348761558533,
    0.03136220574378967,
    0.053842589259147644,
    0.057854071259498596,
    0.05362154543399811,
    0.04722900688648224,
    0.046180933713912964,
    0.05576921999454498,
    0.051270991563797,
    0.05527344346046448,
    0.07379820942878723,
    0.042557016015052795,
    0.03911283612251282,
    0.0374024361371994,
    0.04217933118343353,
    0.0523400753736496,
    0.0504792183637619,
    0.04133686423301697,
    0.04644942283630371,
    0.04519537091255188,
    0.043095678091049194,
    0.04153504967689514,
    0.046691447496414185,
    0.05789090692996979,
    0.043856874108314514,
    0.03785206377506256,
    0.03799167275428772,
    0.03686732053756714,
    0.04110857844352722,
    0.042712628841400146,
    0.03760276734828949,
    0.0512772798538208,
    0.035110101103782654,
    0.04570750892162323,
    0.03877773880958557,
    0.037527263164520264,
    0.0351579487323761,
    0.04274819791316986,
    0.037146613001823425,
    0.038884758949279785,
    0.06789623200893402,
    0.03378517925739288,
    0.034856706857681274,
    0.03806556761264801,
    0.03362302482128143,
    0.04293756186962128,
    0.05353491008281708,
    0.03607878088951111,
    0.04056327044963837,
    0.03197658061981201,
    0.03184358775615692,
    0.0313631147146225,
    0.03553427755832672,
    0.03856593370437622,
    0.043376922607421875,
    0.03268623352050781,
    0.04248373210430145,
    0.031543269753456116,
    0.03447592258453369,
    0.03499715030193329,
    0.04284140467643738,
    0.03386056423187256,
    0.03673847019672394,
    0.032004863023757935,
    0.03545251488685608,
    0.03609153628349304,
    0.037010788917541504,
    0.045874252915382385,
    0.03608754277229309,
    0.04156823456287384,
    0.04305601119995117,
    0.036391571164131165,
    0.04214565455913544,
    0.042937278747558594,
    0.03527785837650299,
    0.03769828379154205,
    0.032481640577316284,
    0.029119491577148438,
    0.03141304850578308,
    0.034981802105903625,
    0.038081586360931396,
    0.037303417921066284,
    0.03347405791282654,
    0.03352734446525574,
    0.029340535402297974,
    0.03415858745574951,
    0.02838340401649475,
    0.02597387135028839,
    0.043701171875,
    0.03785696625709534,
    0.04157757759094238,
    0.03151331841945648,
    0.0360284298658371,
    0.032750412821769714,
    0.027761846780776978,
    0.028371408581733704,
    0.025697320699691772,
    0.03395769000053406,
    0.02793969213962555,
    0.029887273907661438,
    0.02887415885925293
  ],
  "val_fidelity": [
    0.8813475966453552,
    0.9541700065135956,
    0.9541970431804657
  ],
  "val_error": [
    0.11865240335464478,
    0.045829993486404416,
    0.0458029568195343
  ],
  "val_iteration": [
    50,
    100,
    150
  ],
  "val_fidelity_std": [
    0.12212954457827127,
    0.017929959068875696,
    0.015411957232340422
  ],