{
  "0.001": {
    "K_values": [
      0,
      1,
      2,
      3,
      4,
      5,
      6,
      7,
      8,
      9,
      10,
      11,
      12,
      13,
      14,
      15,
      16,
      17,
      18,
      19,
      20,
      21,
      22,
      23,
      24,
      25
    ],
    "mean_gaps": [
      0.0,
      0.00042235851287841797,
      0.0008417963981628418,
      0.0012583096822102865,
      0.0016719460487365722,
      0.0020827333132425944,
      0.0024906516075134276,
      0.0028957406679789226,
      0.003298052151997884,
      0.0036976099014282226,
      0.004094394048055013,
      0.004488456249237061,
      0.004879816373189291,
      0.005268494288126628,
      0.005654533704121907,
      0.00603791077931722,
      0.006418677171071371,
      0.006796852747599284,
      0.007172473271687825,
      0.0075455109278361005,
      0.007916029294331868,
      0.008284036318461101,
      0.00864955186843872,
      0.009012619654337565,
      0.009373243649800618,
      0.009731435775756836
    ],
    "std_gaps": [
      0.0,
      0.00042905359353905947,
      0.0008580666527062512,
      0.0012870881447164392,
      0.0017160468841580143,
      0.002144996559961791,
      0.002573965619441705,
      0.0030028684504497865,
      0.0034317376186310793,
      0.0038605764931247248,
      0.004289402431153547,
      0.004718157896079411,
      0.005146882036230608,
      0.005575581981293932,
      0.006004216354951674,
      0.006432792231322366,
      0.006861297388936981,
      0.007289774093225419,
      0.007718181186739795,
      0.008146537820590256,
      0.008574822659846939,
      0.009003028363120136,
      0.009431114304659793,
      0.009859191951695042,
      0.010287136455151733,
      0.01071501285040078
    ],
    "A_inf": 0.06169183908347839,
    "beta": 0.006866001234920431,
    "R_squared": 0.999999994302958
  },
  "0.005": {
    "K_values": [
      0,
      1,
      2,
      3,
      4,
      5,
      6,
      7,
      8,
      9,
      10,
      11,
      12,
      13,
      14,
      15,
      16,
      17,
      18,
      19,
      20,
      21,
      22,
      23,
      24,
      25
    ],
    "mean_gaps": [
      0.0,
      0.002097038427988688,
      0.004121720790863037,
      0.006076947848002116,
      0.007965604464213053,
      0.009790436426798502,
      0.011554090181986491,
      0.0132590651512146,
      0.01490779717763265,
      0.016502606868743896,
      0.01804573933283488,
      0.019539284706115722,
      0.020985368887583414,
      0.022385847568511964,
      0.023742616176605225,
      0.02505748669306437,
      0.02633206049601237,
      0.02756805419921875,
      0.02876696189244588,
      0.029930229981740317,
      0.03105928897857666,
      0.03215540250142415,
      0.03321993350982666,
      0.03425396680831909,
      0.03525873819986979,
      0.03623526891072591
    ],
    "std_gaps": [
      0.0,
      0.0021451378838632305,
      0.0042894868296093,
      0.006432789541150089,
      0.008574607810336789,
      0.010714562142329707,
      0.012852215236693046,
      0.014987042650824713,
      0.01711857580484642,
      0.019246271370602395,
      0.021369597261469107,
      0.023487955351156435,
      0.02560071519950536,
      0.027707370509250432,
      0.02980716221449882,
      0.031899557873961266,
      0.033983914115967406,
      0.03605945711764969,
      0.038125649975141965,
      0.040181701086983844,
      0.04222702227817603,
      0.04426085613251459,
      0.046282579081640525,
      0.04829143613903699,
      0.050286785265414524,
      0.052267894317615034
    ],
    "A_inf": 0.06564308606349611,
    "beta": 0.03196001212343361,
    "R_squared": 0.9999946535730536
  },
  "0.01": {
    "K_values": [
      0,
      1,
      2,
      3,
      4,
      5,
      6,
      7,
      8,
      9,
      10,
      11,
      12,
      13,
      14,
      15,
      16,
      17,
      18,
      19,
      20,
      21,
      22,
      23,
      24,
      25
    ],
    "mean_gaps": [
      0.0,
      0.004156843821207682,
      0.008029274145762126,
      0.011640576521555583,
      0.015012065569559732,
      0.01816353400548299,
      0.02111293872197469,
      0.02387682596842448,
      0.02647024393081665,
      0.028906885782877603,
      0.031199073791503905,
      0.033358101050059,
      0.03539406458536784,
      0.03731604019800822,
      0.03913222948710124,
      0.04085001945495605,
      0.0424758513768514,
      0.04401560624440511,
      0.04547453721364339,
      0.04685725371042888,
      0.04816778103510539,
      0.04940979878107707,
      0.05058648983637492,
      0.05170064369837443,
      0.05275472402572632,
      0.05375096003214518
    ],
    "std_gaps": [
      0.0,
      0.004289595845115951,
      0.008574381327398461,
      0.012851370034425148,
      0.01711678147259855,
      0.0213667113460435,
      0.025596621409268164,
      0.02980177719733072,
      0.03397722366266734,
      0.0381176896734233,
      0.04221782739057271,
      0.046272201253791154,
      0.05027532459260687,
      0.054221653904358576,
      0.05810573687681173,
      0.06192214173531995,
      0.0656655153913992,
      0.06933063397067778,
      0.07291245951334696,
      0.07640598462920446,
      0.0798064036746976,
      0.08310924225195235,
      0.08630999549477729,
      0.0894044668899426,
      0.09238872163981271,
      0.095258854349983
    ],
    "A_inf": 0.06891484875903109,
    "beta": 0.059163588815908476,
    "R_squared": 0.9999462987535893
  },
  "0.05": {
    "K_values": [
      0,
      1,
      2,
      3,
      4,
      5,
      6,
      7,
      8,
      9,
      10,
      11,
      12,
      13,
      14,
      15,
      16,
      17,
      18,
      19,
      20,
      21,
      22,
      23,
      24,
      25
    ],
    "mean_gaps": [
      0.0,
      0.0192373792330424,
      0.032431141535441084,
      0.04188378254572551,
      0.04892115990320842,
      0.05425425370534261,
      0.058239273230234784,
      0.06082805792490641,
      0.06215669314066569,
      0.06282492478688557,
      0.06315877040227254,
      0.06332557598749797,
      0.06340921322504679,
      0.06345146497090658,
      0.06347310543060303,
      0.06348445018132527,
      0.06349062919616699,
      0.06349425713221232,
      0.06349658966064453,
      0.06349825461705526,
      0.06349959770838419,
      0.06350081364313762,
      0.06350193023681641,
      0.06350297133127848,
      0.06350400447845458,
      0.06350504954655965
    ],
    "std_gaps": [
      0.0,
      0.021344303326681805,
      0.04214252945358263,
      0.06180456072117941,
      0.07966518551963549,
      0.09511007325246186,
      0.10763931818844794,
      0.11609053211053481,
      0.12043886262496617,
      0.12262423037619846,
      0.12371337992303452,
      0.12425517242707808,
      0.12452491986442954,
      0.12465932899420469,
      0.12472640683154257,
      0.12475982341236032,
      0.12477645821153525,
      0.12478470444991077,
      0.12478872280770888,
      0.12479061072423829,
      0.12479149395439053,
      0.1247917991545827,
      0.12479185773414937,
      0.1247917666026752,
      0.12479164306838274,
      0.12479146490675373
    ],
    "A_inf": 0.06732149498200252,
    "beta": 0.3914240466240023,
    "R_squared": 0.9965358090807536
  },
  "0.1": {
    "K_values": [
      0,
      1,
      2,
      3,
      4,
      5,
      6,
      7,
      8,
      9,
      10,
      11,
      12,
      13,
      14,
      15,
      16,
      17,
      18,
      19,
      20,
      21,
      22,
      23,
      24,
      25
    ],