{
  "0.001": {
    "K_values": [
      0,
      1,
      2,
      3,
      4,
      5,
      6,
      7,
      8,
      9,
      10,
      11,
      12,
      13,
      14,
      15,
      16,
      17,
      18,
      19,
      20,
      21,
      22,
      23,
      24,
      25
    ],
    "mean_gaps": [
      0.0,
      0.000374452273050944,
      0.0007471919059753418,
      0.0011182586352030436,
      0.0014876643816630045,
      0.0018553753693898519,
      0.002221443255742391,
      0.002585822343826294,
      0.002948556343714396,
      0.0033096412817637125,
      0.003669053316116333,
      0.004026856025060018,
      0.00438300371170044,
      0.0047375162442525225,
      0.005090409517288208,
      0.00544167955716451,
      0.005791298548380534,
      0.00613934596379598,
      0.006485748291015625,
      0.006830559174219767,
      0.0071737448374430334,
      0.007515350977579753,
      0.007855385541915894,
      0.0081938107808431,
      0.008530656496683756,
      0.008865928649902344
    ],
    "std_gaps": [
      0.0,
      0.00026376487444007286,
      0.000526793674649866,
      0.0007890840089178948,
      0.0010506488356990216,
      0.0013114708367073034,
      0.0015715400192849412,
      0.0018309022743145582,
      0.002089468430859823,
      0.002347315653700133,
      0.002604434079216606,
      0.0028607847145056295,
      0.0031163884231309737,
      0.0033712344937106707,
      0.0036253325360875166,
      0.003878661392769417,
      0.004131250403287431,
      0.004383100975386093,
      0.004634160724504829,
      0.004884464915600929,
      0.005134005353336666,
      0.00538278005461085,
      0.005630791411497566,
      0.005878040412912876,
      0.006124520332175094,
      0.006370232103688644
    ],
    "A_inf": 0.08150883017029273,
    "beta": 0.004606634362183072,
    "R_squared": 0.9999999962738876
  },
  "0.005": {
    "K_values": [
      0,
      1,
      2,
      3,
      4,
      5,
      6,
      7,
      8,
      9,
      10,
      11,
      12,
      13,
      14,
      15,
      16,
      17,
      18,
      19,
      20,
      21,
      22,
      23,
      24,
      25
    ],
    "mean_gaps": [
      0.0,
      0.0018637339274088542,
      0.003685438632965088,
      0.0054657359917958575,
      0.007205235958099365,
      0.008904512723286946,
      0.010564140478769938,
      0.012184794743855793,
      0.013767047723134359,
      0.015311505397160847,
      0.016818809509277343,
      0.018289575974146526,
      0.019724418719609577,
      0.021123979489008585,
      0.022488848368326823,
      0.02381967504819234,
      0.02511706550916036,
      0.026381651560465496,
      0.027614065011342368,
      0.028814905881881715,
      0.029984772205352783,
      0.03112430969874064,
      0.03223411440849304,
      0.03331477840741475,
      0.034366919596989946,
      0.03539113799730937
    ],
    "std_gaps": [
      0.0,
      0.0013151169000576932,
      0.0026117169155322616,
      0.00388959651399881,
      0.0051485295229498455,
      0.0063883698905071685,
      0.007608909237908864,
      0.008810034321820275,
      0.009991625871375195,
      0.011153557845732997,
      0.012295779967128743,
      0.013418219926502368,
      0.01452085271691018,
      0.015603642768575003,
      0.01666656553159253,
      0.01770970416309492,
      0.018733000972397888,
      0.019736572308006288,
      0.020720446862634367,
      0.021684723021675248,
      0.02262949785172403,
      0.023554866555729564,
      0.02446094668722996,
      0.02534790978817318,
      0.02621589295735003,
      0.02706503162797707
    ],
    "A_inf": 0.07642351807766094,
    "beta": 0.024944313905450086,
    "R_squared": 0.9999980820131149
  },
  "0.01": {
    "K_values": [
      0,
      1,
      2,
      3,
      4,
      5,
      6,
      7,
      8,
      9,
      10,
      11,
      12,
      13,
      14,
      15,
      16,
      17,
      18,
      19,
      20,
      21,
      22,
      23,
      24,
      25
    ],
    "mean_gaps": [
      0.0,
      0.0037061254183451335,
      0.007245014111200969,
      0.010621496041615804,
      0.013840460777282714,
      0.01690683364868164,
      0.019825673103332518,
      0.022601940234502158,
      0.02524074912071228,
      0.027747108538945516,
      0.03012600541114807,
      0.0323824147383372,
      0.034521259864171344,
      0.036547356843948366,
      0.03846551378568013,
      0.04028036594390869,
      0.04199653466542562,
      0.043618438641230266,
      0.0451504906018575,
      0.04659686684608459,
      0.04796172976493836,
      0.049249039093653364,
      0.050462647279103594,
      0.05160626570383708,
      0.05268348852793376,
      0.0536977748076121
    ],
    "std_gaps": [
      0.0,
      0.0026208472445139407,
      0.005166724095861538,
      0.007636057348586377,
      0.01002753317446666,
      0.012340234172794529,
      0.01457350182609653,
      0.01672711870957688,
      0.018801014018607176,
      0.02079549349697682,
      0.022711141700380293,
      0.024548731351308684,
      0.026309288935281817,
      0.02799402531726014,
      0.02960432664194402,
      0.03114185559629922,
      0.03260824114147747,
      0.03400535836442153,
      0.03533518384547364,
      0.03659969414799339,
      0.03780101801857148,
      0.03894127094170739,
      0.04002266889841524,
      0.04104737891818794,
      0.042017630988949714,
      0.04293562851661244
    ],
    "A_inf": 0.07318507244014845,
    "beta": 0.05367768719210776,
    "R_squared": 0.9999775395234619
  },
  "0.05": {
    "K_values": [
      0,
      1,
      2,
      3,
      4,
      5,
      6,
      7,
      8,
      9,
      10,
      11,
      12,
      13,
      14,
      15,
      16,
      17,
      18,
      19,
      20,
      21,
      22,
      23,
      24,
      25
    ],
    "mean_gaps": [
      0.0,
      0.017651933431625366,
      0.03131717244784037,
      0.0416796088218689,
      0.0493960976600647,
      0.05505425731341044,
      0.05915081302324931,
      0.0620868722597758,
      0.06417486071586609,
      0.06565107703208924,
      0.06669053634007772,
      0.06742056608200073,
      0.06793270309766133,
      0.06829202969868978,
      0.06854457855224609,
      0.06872268517812093,
      0.0688490092754364,
      0.06893930236498515,
      0.06900457541147868,
      0.06905246376991273,
      0.06908828616142274,
      0.06911571025848388,
      0.06913726925849914,
      0.06915477911631267,
      0.06916944781939188,
      0.06918211181958517
    ],
    "std_gaps": [
      0.0,
      0.012698903573520201,
      0.023377593458903802,
      0.03202178291194688,
      0.03878808370854244,
      0.043935698950501305,
      0.04776119818027107,
      0.050551410484614895,
      0.05255682832172179,
      0.053981924201081964,
      0.0549859400292315,
      0.05568861502594736,
      0.056177967621350806,
      0.056517453859339484,
      0.05675232398178648,
      0.05691441747090664,
      0.05702611446485163,
      0.05710294012284803,
      0.05715569161934361,
      0.05719184921118035,
      0.05721659936374622,
      0.05723345266036975,
      0.05724487066764266,
      0.057252552476963224,
      0.05725768257769048,
      0.057261008035651144
    ],
    "A_inf": 0.07194652916003105,
    "beta": 0.32384891982144076,
    "R_squared": 0.9990105729036819
  },
  "0.1": {
    "K_values": [
      0,
      1,
      2,
      3,
      4,
      5,
      6,
      7,
      8,
      9,
      10,
      11,
      12,
      13,
      14,
      15,
      16,
      17,
      18,
      19,
      20,
      21,
      22,
      23,
      24,
      25
    ],