{
  "2e-05": {
    "K_values": [
      0,
      1,
      2,
      3,
      4,
      5,
      6,
      7,
      8,
      9,
      10,
      11,
      12,
      13,
      14,
      15,
      16,
      17,
      18,
      19,
      20,
      21,
      22,
      23,
      24,
      25
    ],
    "mean_gaps": [
      0.0,
      0.00023529330889383951,
      0.0004634261131286621,
      0.0006843586762746175,
      0.0008980731169382731,
      0.001104585329691569,
      0.0013039807478586833,
      0.0014963229497273764,
      0.0016817092895507813,
      0.0018602430820465088,
      0.00203208327293396,
      0.0021972636381785075,
      0.0023559550444285076,
      0.0025082846482594808,
      0.0026543696721394857,
      0.002794418732325236,
      0.0029285629590352375,
      0.003057005008061727,
      0.0031799336274464926,
      0.003297497828801473,
      0.00340994397799174,
      0.0035174787044525146,
      0.0036202887694040935,
      0.0037185927232106526,
      0.003812591234842936,
      0.00390247901280721
    ],
    "beta": 0.03994883667331729,
    "A_inf": 0.006215320049298367
  },
  "2.426814125705013e-05": {
    "K_values": [
      0,
      1,
      2,
      3,
      4,
      5,
      6,
      7,
      8,
      9,
      10,
      11,
      12,
      13,
      14,
      15,
      16,
      17,
      18,
      19,
      20,
      21,
      22,
      23,
      24,
      25
    ],
    "mean_gaps": [
      0.0,
      0.00028458038965861,
      0.0005586822827657064,
      0.0008221765359242758,
      0.001075140635172526,
      0.0013176798820495605,
      0.0015499194463094075,
      0.001772095759709676,
      0.001984332005182902,
      0.002186832825342814,
      0.002379864454269409,
      0.002563605705897013,
      0.002738340695699056,
      0.002904309829076131,
      0.003061834971110026,
      0.0032112161318461102,
      0.0033527870972951254,
      0.003486927350362142,
      0.0036139448483784994,
      0.0037342309951782227,
      0.003848119576772054,
      0.0039559861024220785,
      0.004058186213175456,
      0.004155023892720541,
      0.004246848821640015,
      0.004333921273549398
    ],
    "beta": 0.049399568048466284,
    "A_inf": 0.006155000222897992
  },
  "2.9447134003606925e-05": {
    "K_values": [
      0,
      1,
      2,
      3,
      4,
      5,
      6,
      7,
      8,
      9,
      10,
      11,
      12,
      13,
      14,
      15,
      16,
      17,
      18,
      19,
      20,
      21,
      22,
      23,
      24,
      25
    ],
    "mean_gaps": [
      0.0,
      0.00034400026003519695,
      0.0006725311279296875,
      0.000985566775004069,
      0.0012832701206207276,
      0.0015658895174662272,
      0.0018337845802307128,
      0.002087289094924927,
      0.002326707045237223,
      0.002552489439646403,
      0.0027649958928426107,
      0.0029647290706634522,
      0.003152175744374593,
      0.003327945868174235,
      0.0034925421078999836,
      0.003646667798360189,
      0.0037908554077148438,
      0.003925774494806925,
      0.0040520429611206055,
      0.00417025883992513,
      0.004280972480773926,
      0.004384758075078329,
      0.0044821242491404215,
      0.004573527971903483,
      0.0046593666076660155,
      0.004740085204442342
    ],
    "beta": 0.06097125892609199,
    "A_inf": 0.0061078067682489015
  },
  "3.573136038074085e-05": {
    "K_values": [
      0,
      1,
      2,
      3,
      4,
      5,
      6,
      7,
      8,
      9,
      10,
      11,
      12,
      13,
      14,
      15,
      16,
      17,
      18,
      19,
      20,
      21,
      22,
      23,
      24,
      25
    ],
    "mean_gaps": [
      0.0,
      0.0004154860973358154,
      0.0008081873257954915,
      0.0011782368024190267,
      0.0015260914961496988,
      0.001852269967397054,
      0.002157400051752726,
      0.002442091703414917,
      0.0027070740858713784,
      0.002953082323074341,
      0.003180984656016032,
      0.003391734759012858,
      0.0035863439242045086,
      0.00376587708791097,
      0.003931401173273722,
      0.0040840288003285725,
      0.004224783182144165,
      0.004354691505432129,
      0.004474703470865885,
      0.0045857111612955725,
      0.004688483476638794,
      0.004783765474955241,
      0.00487221082051595,
      0.004954375823338826,
      0.005030820767084758,
      0.0051019688447316485
    ],
    "beta": 0.07502857812853424,
    "A_inf": 0.006074085615633282
  },
  "4.335668505131925e-05": {
    "K_values": [
      0,
      1,
      2,
      3,
      4,
      5,
      6,
      7,
      8,
      9,
      10,
      11,
      12,
      13,
      14,
      15,
      16,
      17,
      18,
      19,
      20,
      21,
      22,
      23,
      24,
      25
    ],
    "mean_gaps": [
      0.0,
      0.0005012333393096923,
      0.0009690543015797933,
      0.0014038443565368651,
      0.0018066008885701498,
      0.002178351084391276,
      0.0025202572345733643,
      0.0028335074583689373,
      0.0031194806098937987,
      0.003379772106806437,
      0.003616046905517578,
      0.0038301904996236166,
      0.004024080435434977,
      0.004199532667795817,
      0.004358512163162231,
      0.004502604405085246,
      0.004633444547653198,
      0.004752441247304281,
      0.004860881964365641,
      0.004959909121195475,
      0.005050488313039144,
      0.00513348380724589,
      0.005209610859553019,
      0.0052796204884847,
      0.0053440610567728674,
      0.005403560400009155
    ],
    "beta": 0.09203119087006291,
    "A_inf": 0.00604981211398538
  },
  "5.2609307863142454e-05": {
    "K_values": [
      0,
      1,
      2,
      3,
      4,
      5,
      6,
      7,
      8,
      9,
      10,
      11,
      12,
      13,
      14,
      15,
      16,
      17,
      18,
      19,
      20,
      21,
      22,
      23,
      24,
      25
    ],
    "mean_gaps": [
      0.0,
      0.0006039937337239584,
      0.0011588712533315024,
      0.0016658325990041097,
      0.002126765251159668,
      0.00254364808400472,
      0.0029185712337493896,
      0.003254006306330363,
      0.0035527050495147705,
      0.003817790746688843,
      0.004052515824635824,
      0.004260188341140747,
      0.0044439752896626794,
      0.004606825113296509,
      0.004751465717951457,
      0.004880253473917643,
      0.004995256662368774,
      0.005098315080006918,
      0.005190896987915039,
      0.0052743156750996905,
      0.0053497254848480225,
      0.0054180999596913654,
      0.005480386813481649,
      0.0055374244848887125,
      0.005589985847473144,
      0.005638796091079712
    ],
    "beta": 0.11248129826719053,
    "A_inf": 0.006030456577474102
  },
  "6.383650573291895e-05": {
    "K_values": [
      0,
      1,
      2,
      3,
      4,
      5,
      6,
      7,
      8,
      9,
      10,
      11,
      12,
      13,
      14,
      15,
      16,
      17,
      18,
      19,
      20,
      21,
      22,
      23,
      24,
      25
    ],
    "mean_gaps": [
      0.0,
      0.0007266839345296224,
      0.0013813157876332602,
      0.0019666989644368488,
      0.0024863660335540773,
      0.0029438932736714682,
      0.003343552350997925,
      0.003690187136332194,
      0.003989322980244955,
      0.004246664047241211,
      0.004467888673146566,
      0.004658248027165731,
      0.004822474718093872,
      0.004964657624562581,
      0.0050883750120798744,
      0.005196523666381836,
      0.005291545391082763,
      0.005375524361928304,
      0.0054501771926879885,
      0.005517049630482992,
      0.005577504634857178,
      0.005632781982421875,
      0.005684004227320353,
      0.005732095241546631,
      0.005777857700983683,
      0.005821933348973592
    ],
    "beta": 0.1366060846366488,
    "A_inf": 0.0060153232299910665
  },