{
  "MAML": {
    "K=0": 0.91798149228096,
    "K=1": 0.9324926483631134
  },
  "Fixed Avg": {
    "K=0": 0.7393858325481415,
    "K=1": 0.8138968133926392
  },
  "GRAPE": {
    "K=0": 0.5,
    "K=1": 0.030829371213912965
  }
}