{
  "in_distribution": {
    "K_values": [
      0,
      1,
      2,
      3,
      4,
      5,
      6,
      7,
      8,
      9,
      10,
      11,
      12,
      13,
      14,
      15,
      16,
      17,
      18,
      19,
      20,
      21,
      22,
      23,
      24,
      25
    ],
    "mean_fidelities": [
      0.9415737171967824,
      0.9445975422859192,
      0.9474652568499248,
      0.9501831531524658,
      0.9527575433254242,
      0.9551945169766743,
      0.9575001517931621,
      0.9596803685029348,
      0.9617408533891042,
      0.9636872251828511,
      0.9655249138673146,
      0.9672592361768086,
      0.9688952167828878,
      0.9704378624757131,
      0.971891846259435,
      0.9732617576917012,
      0.9745519975821177,
      0.9757667640844981,
      0.9769100685914357,
      0.977985821167628,
      0.9789976596832275,
      0.9799491206804911,
      0.980843581755956,
      0.9816841920216878,
      0.9824740350246429,
      0.9832159956296285
    ],
    "std_fidelities": [
      0.02913669206976019,
      0.02761168641585444,
      0.026147508417188346,
      0.024743568466361755,
      0.023398945828726637,
      0.022112623582879624,
      0.020883402219471645,
      0.019710045212046074,
      0.01859109898675013,
      0.01752510270299301,
      0.01651051684329385,
      0.015545707727927955,
      0.014629049884887233,
      0.013758840033568294,
      0.01293339240669778,
      0.012151023913812049,
      0.011410020868680381,
      0.01070867480141088,
      0.01004536538796617,
      0.009418443998709352,
      0.008826246787015664,
      0.00826728169697282,
      0.007739958578546613,
      0.0072428193531631786,
      0.006774403734980846,
      0.006333311479285197
    ],
    "initial_fidelity": 0.9415737171967824,
    "final_fidelity": 0.9832159956296285,
    "improvement": 0.04164227843284607
  },
  "shifted_mean": {
    "K_values": [
      0,
      1,
      2,
      3,
      4,
      5,
      6,
      7,
      8,
      9,
      10,
      11,
      12,
      13,
      14,
      15,
      16,
      17,
      18,
      19,
      20,
      21,
      22,
      23,
      24,
      25
    ],
    "mean_fidelities": [
      0.9872121930122375,
      0.9875082612037659,
      0.9877851486206055,
      0.9880440811316172,
      0.9882862428824107,
      0.9885127107302348,
      0.9887244820594787,
      0.9889225125312805,
      0.9891076842943828,
      0.9892808020114898,
      0.9894426902135213,
      0.9895940681298574,
      0.9897356112798055,
      0.9898679236570994,
      0.9899916470050811,
      0.9901073614756266,
      0.9902155280113221,
      0.9903166751066844,
      0.9904112597306569,
      0.9904997011025747,
      0.9905823985735576,
      0.9906597375869751,
      0.9907320519288381,
      0.9907997131347657,
      0.9908629576365153,
      0.9909221450487773
    ],
    "std_fidelities": [
      0.0017687119952372768,
      0.0016217821753445843,
      0.0014855848645843202,
      0.00135968024209194,
      0.0012435920959023075,
      0.0011369971934906788,
      0.0010395669215103914,
      0.0009510583967529946,
      0.000871256318358781,
      0.0008000085181375066,
      0.0007372477346032442,
      0.0006828354662218034,
      0.0006366757178075226,
      0.0005985713078148202,
      0.0005682958208279381,
      0.0005454265367236807,
      0.0005294024416948448,
      0.0005195762204466261,
      0.0005151385480074018,
      0.000515238742717719,
      0.0005190606019938757,
      0.0005258102213051021,
      0.0005347773710421392,
      0.0005453914803580239,
      0.0005571123889937626,
      0.0005695928055502554
    ],
    "initial_fidelity": 0.9872121930122375,
    "final_fidelity": 0.9909221450487773,
    "improvement": 0.0037099520365397876
  },
  "high_variance": {
    "K_values": [
      0,
      1,
      2,
      3,
      4,
      5,
      6,
      7,
      8,
      9,
      10,
      11,
      12,
      13,
      14,
      15,
      16,
      17,
      18,
      19,
      20,
      21,
      22,
      23,
      24,
      25
    ],
    "mean_fidelities": [
      0.9183813293774923,
      0.9223492900530498,
      0.9261493821938832,
      0.9297856112321218,
      0.9332621117432912,
      0.9365830639998118,
      0.9397528727849325,
      0.9427759190400441,
      0.9456567287445068,
      0.9483998477458954,
      0.9510098775227864,
      0.9534913837909699,
      0.9558489720026652,
      0.9580872436364491,
      0.9602107306321462,
      0.9622239649295807,
      0.9641314387321472,
      0.965937489271164,
      0.9676464935143788,
      0.969262687365214,
      0.9707902133464813,
      0.9722331126530965,
      0.9735953370730083,
      0.974880721171697,
      0.9760930180549622,
      0.9772358179092407
    ],
    "std_fidelities": [
      0.06809176034653006,
      0.06510918206866917,
      0.06219486736838954,
      0.0593519076254319,
      0.056583028990780715,
      0.053890525734116915,
      0.05127642798646268,
      0.048742396764425065,
      0.04628969728843192,
      0.043919313937493196,
      0.04163180125978568,
      0.03942748014593035,
      0.0373063033403624,
      0.035267963882125615,
      0.03331184416704008,
      0.03143709232187321,
      0.029642604693902706,
      0.027927079918920742,
      0.026289046162824514,
      0.024726773058143952,
      0.023238484966505674,
      0.02182226271343924,
      0.020476020935336035,
      0.0191976499307212,
      0.017984939988894024,
      0.016835646312098117
    ],
    "initial_fidelity": 0.9183813293774923,
    "final_fidelity": 0.9772358179092407,
    "improvement": 0.05885448853174846
  },
  "out_of_distribution": {
    "K_values": [
      0,
      1,
      2,
      3,
      4,
      5,
      6,
      7,
      8,
      9,
      10,
      11,
      12,
      13,
      14,
      15,
      16,
      17,
      18,
      19,
      20,
      21,
      22,
      23,
      24,
      25
    ],
    "mean_fidelities": [
      0.988100790977478,
      0.9882603943347931,
      0.988409674167633,
      0.9885492702325185,
      0.9886798481146495,
      0.9888019601504008,
      0.9889161705970764,
      0.9890230119228363,
      0.9891229291756948,
      0.9892163515090943,
      0.9893037219842274,
      0.98938543399175,
      0.98946187098821,
      0.9895333766937255,
      0.9896002610524496,
      0.9896628499031067,
      0.9897213836510976,
      0.9897761464118957,
      0.9898273905118307,
      0.9898753106594086,
      0.9899201611677806,
      0.9899621347586314,
      0.9900014122327169,
      0.9900381743907929,
      0.9900725583235422,
      0.9901047766208648
    ],
    "std_fidelities": [
      0.0010493378314630777,
      0.0009965964289274068,
      0.0009554166107082143,
      0.0009250931553050721,
      0.0009045511887570473,
      0.000892609752157686,
      0.0008880957915265696,
      0.0008896899683203675,
      0.000896319098983335,
      0.0009068579258748058,
      0.0009203549502618624,
      0.0009360377833581351,
      0.0009532412009573511,
      0.0009713583886024589,
      0.0009900356026014375,
      0.0010088781641570815,
      0.0010276671806744955,
      0.0010461741739996424,
      0.0010642528781334983,
      0.0010818170039915496,
      0.0010987418169427548,
      0.0011150053602691265,
      0.0011305840346002116,
      0.0011454526313412093,
      0.0011595943491505693,
      0.0011730546659632717
    ],
    "initial_fidelity": 0.988100790977478,
    "final_fidelity": 0.9901047766208648,
    "improvement": 0.002003985643386774
  }
}