{
  "k_values": [
    1,
    2,
    3,
    4,
    5,
    6,
    7,
    8,
    9,
    10,
    11,
    12,
    13,
    14,
    15,
    16,
    17,
    18,
    19,
    20
  ],
  "gaps_mean": [
    0.03209444299944423,
    0.04657144137636784,
    0.06145269204891969,
    0.07672243468077386,
    0.09235965547911076,
    0.10833766872023091,
    0.12462374844714452,
    0.14117878109376833,
    0.15795705799229512,
    0.1749063513624612,
    0.19196799228090913,
    0.20907746820712297,
    0.226164955845675,
    0.2431564127378248,
    0.25997475385129415,
    0.2765413506400489,
    0.2927777067637035,
    0.30860727871086147,
    0.32395728507851557,
    0.33876049901899274
  ],
  "gaps_std": [
    1.0792475251042027e-06,
    1.778345425249671e-06,
    2.5117535231958763e-06,
    3.2843287748059447e-06,
    4.089767903131192e-06,
    4.922548209621843e-06,
    5.783212507900102e-06,
    6.666422344992891e-06,
    7.562277262521692e-06,
    8.467754189786827e-06,
    9.372213234166623e-06,
    1.0272694977849625e-05,
    1.1156530091029278e-05,
    1.2017356851585726e-05,
    1.2841193548621096e-05,
    1.3617993686282458e-05,
    1.433636071361014e-05,
    1.4990666506175685e-05,
    1.557527582178934e-05,
    1.607946709762358e-05
  ],
  "gaps_all": {
    "1": [
      0.0320962028537376,
      0.03209613497051694,
      0.03209618892538402,
      0.03208950188354176,
      0.03209619349140591,
      0.03209612834452569,
      0.03209531610717975,
      0.03209401287953956,
      0.03209619770741906,
      0.0320962060335932,
      0.03209620380920131,
      0.032095940749825524,
      0.032095707781869764,
      0.03209620143344705,
      0.03209620637886995,
      0.03209334993264784,
      0.032096206774116065,
      0.03209621629570403,
      0.03207454868976051,
      0.03209619494659893
    ],
    "2": [
      0.04657433943225919,
      0.04657423431785329,
      0.04657431228334019,
      0.04656333905549792,
      0.046574322966377424,
      0.0465742281406033,
      0.04657287470662286,
      0.04657075884396128,
      0.046574337178201974,
      0.04657433194002891,
      0.04657433273738887,
      0.04657392757132134,
      0.04657353160179145,
      0.04657433337954853,
      0.046574338795285775,
      0.04656963817431664,
      0.04657434557899498,
      0.046574337881530536,
      0.0465386455103553,
      0.04657431743207702
    ],
    "3": [
      0.06145678267269916,
      0.06145663731533907,
      0.06145674494105813,
      0.061441274869699414,
      0.06145676929322519,
      0.061456619727086714,
      0.06145472340769753,
      0.061451735945242725,
      0.06145677373559172,
      0.06145678029951984,
      0.06145677754399059,
      0.06145620698115989,
      0.06145563836594958,
      0.06145677327967414,
      0.061456782080262895,
      0.06145014816314992,
      0.06145678078462613,
      0.06145678523989084,
      0.06140636128940319,
      0.06145674504312709
    ],
    "4": [
      0.07672778222978727,
      0.07672756674786646,
      0.07672774507496805,
      0.07670754480142905,
      0.07672777548822163,
      0.07672755272284026,
      0.07672508779769682,
      0.076721173250418,
      0.07672779276368175,
      0.07672778535311964,
      0.07672778109601153,
      0.07672700438212426,
      0.07672627524592712,
      0.07672777895685856,
      0.07672779517698508,
      0.07671908444380787,
      0.07672779773766325,
      0.07672778573190742,
      0.07666184643391966,
      0.07672773818024375
    ],
    "5": [
      0.09236632013520396,
      0.09236605806709347,
      0.09236625697832301,
      0.09234114871285137,
      0.09236628964472704,
      0.09236604464488596,
      0.09236297191686504,
      0.09235807193748596,
      0.09236630337838797,
      0.09236631701630516,
      0.09236632427919766,
      0.09236534517053824,
      0.09236444459236004,
      0.092366314904756,
      0.09236632316699839,
      0.09235546622172514,
      0.0923663378256464,
      0.09236632756119578,
      0.09228420096759488,
      0.09236624246007413
    ],
    "6": [
      0.10834569341291544,
      0.1083453671133649,
      0.10834561849985047,
      0.10831548489028087,
      0.10834565274327568,
      0.10834535367998221,
      0.10834162606812725,
      0.10833576913401927,
      0.1083456690034908,
      0.10834568761978458,
      0.10834568541420542,
      0.10834451118213723,
      0.10834341578330109,
      0.10834569759372126,
      0.1083456975831189,
      0.10833261546471057,
      0.10834569366972846,
      0.1083456945230491,
      0.10824682449481032,
      0.10834561653074443
    ],
    "7": [
      0.12463316327851603,
      0.1246327915095729,
      0.12463309172555015,
      0.12459773009306829,
      0.12463313354355021,
      0.12463276539001977,
      0.12462840877201076,
      0.12462153631662226,
      0.12463314695648792,
      0.12463317360627402,
      0.12463316593696416,
      0.12463178476368114,
      0.12463049949020832,
      0.1246331675255079,
      0.12463317359347786,
      0.12461779943364787,
      0.1246331731142788,
      0.12463317770555915,
      0.1245170067316223,
      0.12463307945627072
    ],
    "8": [
      0.14118963345057933,
      0.1411892132287354,
      0.1411895598493027,
      0.14114882739024293,
      0.141189601003321,
      0.14118918767800614,
      0.14118416290435143,
      0.1411762018101666,
      0.1411896135555744,
      0.14118963060971224,
      0.14118963351212332,
      0.14118803129244534,
      0.14118655808009706,
      0.14118964093102848,
      0.14118965783068455,
      0.1411718947049509,
      0.14118965190044996,
      0.1411896437975967,
      0.14105573274699829,
      0.14118954559899982
    ],
    "9": [
      0.157969383200792,
      0.157968906292198,
      0.1579692661998957,
      0.15792310103005913,
      0.1579693305011559,
      0.157968866252563,
      0.15796317067600618,
      0.15795410839487994,
      0.15796935818945673,
      0.15796936529952255,
      0.15796937620467488,
      0.15796756992934685,
      0.1579658697436137,
      0.15796937980738557,
      0.15796938646480058,
      0.15794922800816386,
      0.1579693857534259,
      0.1579693879190016,
      0.1578174717752115,
      0.15796924820374908
    ],
    "10": [
      0.17492014978326553,
      0.17491959982669875,
      0.17492001716318428,
      0.1748683291376425,
      0.17492009954911425,
      0.17491956890369398,
      0.17491316173056204,
      0.17490302617204373,
      0.1749201184972034,
      0.17492014685351742,
      0.174920167162121,
      0.1749180951736546,
      0.17491623093016806,
      0.17492015571372332,
      0.174920168426626,
      0.17489757826947067,
      0.1749201691821608,
      0.1749201716567257,
      0.17475005595527243,
      0.17492001716237532
    ],
    "11": [
      0.1919832782937566,
      0.1919826594186505,
      0.1919831312998368,
      0.19192588231997731,
      0.19198320081742204,
      0.1919826399225384,
      0.19197554935643923,
      0.19196428390608594,
      0.191983220681135,
      0.19198326790510511,
      0.19198327532509496,
      0.19198101080837932,
      0.19197893302901703,
      0.1919832741850256,
      0.19198328470431464,
      0.19195825140038586,
      0.1919832853951947,
      0.19198328063170234,
      0.19179501634829849,
      0.19198311986982258
    ],
    "12": [
      0.2090942131239666,
      0.20909355185974704,
      0.20909405894913924,
      0.20903132950571202,
      0.20909416329885766,
      0.20909352124321423,
      0.20908573083790938,
      0.20907336442320185,
      0.2090941765510243,
      0.20909420826682346,
      0.20909423340232736,
      0.20909173555806765,
      0.20908942916282558,
      0.20909423198314447,
      0.2090942340132111,
      0.209066793820126,
      0.20909423342387945,
      0.20909423250324355,
      0.20888787270738235,
      0.20909404950865668
    ],